CREATE DATABASE  IF NOT EXISTS `sport_gymtri_cz` /*!40100 DEFAULT CHARACTER SET utf8 */;
USE `sport_gymtri_cz`;
-- MySQL dump 10.13  Distrib 5.6.17, for Win32 (x86)
--
-- Host: localhost    Database: sport_gymtri_cz
-- ------------------------------------------------------
-- Server version	5.5.38

/*!40101 SET @OLD_CHARACTER_SET_CLIENT=@@CHARACTER_SET_CLIENT */;
/*!40101 SET @OLD_CHARACTER_SET_RESULTS=@@CHARACTER_SET_RESULTS */;
/*!40101 SET @OLD_COLLATION_CONNECTION=@@COLLATION_CONNECTION */;
/*!40101 SET NAMES utf8 */;
/*!40103 SET @OLD_TIME_ZONE=@@TIME_ZONE */;
/*!40103 SET TIME_ZONE='+00:00' */;
/*!40014 SET @OLD_UNIQUE_CHECKS=@@UNIQUE_CHECKS, UNIQUE_CHECKS=0 */;
/*!40014 SET @OLD_FOREIGN_KEY_CHECKS=@@FOREIGN_KEY_CHECKS, FOREIGN_KEY_CHECKS=0 */;
/*!40101 SET @OLD_SQL_MODE=@@SQL_MODE, SQL_MODE='NO_AUTO_VALUE_ON_ZERO' */;
/*!40111 SET @OLD_SQL_NOTES=@@SQL_NOTES, SQL_NOTES=0 */;

--
-- Table structure for table `athletes`
--

DROP TABLE IF EXISTS `athletes`;
/*!40101 SET @saved_cs_client     = @@character_set_client */;
/*!40101 SET character_set_client = utf8 */;
CREATE TABLE `athletes` (
  `id` int(11) NOT NULL AUTO_INCREMENT,
  `first_name` text,
  `last_name` text,
  `gender` text CHARACTER SET latin1,
  `birthdate` text,
  `class` text NOT NULL,
  `yearbegin` year(4) NOT NULL,
  PRIMARY KEY (`id`)
) ENGINE=InnoDB AUTO_INCREMENT=17 DEFAULT CHARSET=utf8 COMMENT='Table of athletes';
/*!40101 SET character_set_client = @saved_cs_client */;

--
-- Dumping data for table `athletes`
--

LOCK TABLES `athletes` WRITE;
/*!40000 ALTER TABLE `athletes` DISABLE KEYS */;
INSERT INTO `athletes` VALUES (1,'Jiří','Szotkowski','M','02-05-1988','D',2004),(2,'Soňa','Pertlová','F','24-03-1988','D',2004),(3,'Filip','Abounukta','M','26-02-1988','D',2004),(4,'Jana','Čečotková','F','06-03-1988','D',2004),(5,'Jakub','Konečný ','M','29-05-1988','D',2004),(6,'Markéta','Pindurová','F','24-08-1988','D',2004),(7,'Lukáš','Hudeček','M','09-09-1987','D',2004),(8,'Aneta','Pustková','F','17-08-1987','D',2004),(9,'Lukáš','Tarasovič','M','10-10-1987','D',2004),(10,'Adéla','Kyvalská','F','29-09-1987','D',2004),(11,'Tereza','Roszková','F','20-01-1988','D',2004),(12,'Lucie','Kostková ','F','11-11-1987','D',2004),(13,'Jiří','Ciencala','M','12-12-1987','D',2004),(14,'David','Dyrčík','M','23-02-1988','D',2004),(15,'Radek','Filipek','M','28-02-1988','D',2004),(16,'Karolína','Lancová','F','05-06-1988','D',2004);
/*!40000 ALTER TABLE `athletes` ENABLE KEYS */;
UNLOCK TABLES;

--
-- Table structure for table `authentication`
--

DROP TABLE IF EXISTS `authentication`;
/*!40101 SET @saved_cs_client     = @@character_set_client */;
/*!40101 SET character_set_client = utf8 */;
CREATE TABLE `authentication` (
  `id` int(11) NOT NULL AUTO_INCREMENT,
  `username` mediumtext CHARACTER SET latin1,
  `password` mediumtext CHARACTER SET latin1,
  PRIMARY KEY (`id`)
) ENGINE=InnoDB AUTO_INCREMENT=2 DEFAULT CHARSET=utf8;
/*!40101 SET character_set_client = @saved_cs_client */;

--
-- Dumping data for table `authentication`
--

LOCK TABLES `authentication` WRITE;
/*!40000 ALTER TABLE `authentication` DISABLE KEYS */;
INSERT INTO `authentication` VALUES (1,'Ownercz','slghddhaslghdasdhlbasdadsf4ds56g4ds564g6f5d4g65fd4g56df4g54ds56v16ds5v1456');
/*!40000 ALTER TABLE `authentication` ENABLE KEYS */;
UNLOCK TABLES;

--
-- Table structure for table `classes`
--

DROP TABLE IF EXISTS `classes`;
/*!40101 SET @saved_cs_client     = @@character_set_client */;
/*!40101 SET character_set_client = utf8 */;
CREATE TABLE `classes` (
  `id` int(11) NOT NULL AUTO_INCREMENT,
  `yearbegin` text NOT NULL,
  `type` text NOT NULL,
  `event_id` int(11) NOT NULL,
  PRIMARY KEY (`id`),
  KEY `id` (`id`)
) ENGINE=InnoDB AUTO_INCREMENT=7 DEFAULT CHARSET=utf8;
/*!40101 SET character_set_client = @saved_cs_client */;

--
-- Dumping data for table `classes`
--

LOCK TABLES `classes` WRITE;
/*!40000 ALTER TABLE `classes` DISABLE KEYS */;
INSERT INTO `classes` VALUES (6,'2004','D',1);
/*!40000 ALTER TABLE `classes` ENABLE KEYS */;
UNLOCK TABLES;

--
-- Table structure for table `discipline`
--

DROP TABLE IF EXISTS `discipline`;
/*!40101 SET @saved_cs_client     = @@character_set_client */;
/*!40101 SET character_set_client = utf8 */;
CREATE TABLE `discipline` (
  `id` int(11) NOT NULL AUTO_INCREMENT,
  `discipline_name` text,
  `score_type` int(11) DEFAULT NULL,
  PRIMARY KEY (`id`)
) ENGINE=InnoDB AUTO_INCREMENT=13 DEFAULT CHARSET=utf8 COMMENT='List of disciplines';
/*!40101 SET character_set_client = @saved_cs_client */;

--
-- Dumping data for table `discipline`
--

LOCK TABLES `discipline` WRITE;
/*!40000 ALTER TABLE `discipline` DISABLE KEYS */;
INSERT INTO `discipline` VALUES (1,'60m',1),(2,'100m',1),(3,'1500m',1),(4,'3000m',1),(5,'dálka',1),(6,'výška',1),(7,'míč',1),(8,'granát',1),(9,'šplh',1),(10,'25m plavání',1),(11,'50m plavání',1),(12,'100m plavání',1);
/*!40000 ALTER TABLE `discipline` ENABLE KEYS */;
UNLOCK TABLES;

--
-- Table structure for table `event`
--

DROP TABLE IF EXISTS `event`;
/*!40101 SET @saved_cs_client     = @@character_set_client */;
/*!40101 SET character_set_client = utf8 */;
CREATE TABLE `event` (
  `id` int(11) NOT NULL AUTO_INCREMENT,
  `event_name` mediumtext,
  `event_creator` mediumtext,
  `event_editor` text,
  `event_date` text,
  `event_comment` text,
  PRIMARY KEY (`id`)
) ENGINE=InnoDB AUTO_INCREMENT=2 DEFAULT CHARSET=utf8 COMMENT='Table of events';
/*!40101 SET character_set_client = @saved_cs_client */;

--
-- Dumping data for table `event`
--

LOCK TABLES `event` WRITE;
/*!40000 ALTER TABLE `event` DISABLE KEYS */;
INSERT INTO `event` VALUES (1,'Olympijský šestiboj 2005','Radim Lipovčan','Radim Lipovčák','25-06-2005','');
/*!40000 ALTER TABLE `event` ENABLE KEYS */;
UNLOCK TABLES;

--
-- Table structure for table `event_score`
--

DROP TABLE IF EXISTS `event_score`;
/*!40101 SET @saved_cs_client     = @@character_set_client */;
/*!40101 SET character_set_client = utf8 */;
CREATE TABLE `event_score` (
  `id` int(11) NOT NULL AUTO_INCREMENT,
  `event_id` int(11) DEFAULT NULL,
  `class_id` text NOT NULL,
  `athlete_id` int(11) DEFAULT NULL,
  `discipline_id` int(11) DEFAULT NULL,
  `score_value` text,
  `score_points` text,
  `gender` text NOT NULL,
  `age` int(11) DEFAULT NULL,
  `koeficient` text,
  `first_name` text NOT NULL,
  `last_name` text NOT NULL,
  `class_name` text NOT NULL,
  `event_name` text NOT NULL,
  `event_date` text NOT NULL,
  PRIMARY KEY (`id`)
) ENGINE=InnoDB AUTO_INCREMENT=29 DEFAULT CHARSET=utf8;
/*!40101 SET character_set_client = @saved_cs_client */;

--
-- Dumping data for table `event_score`
--

LOCK TABLES `event_score` WRITE;
/*!40000 ALTER TABLE `event_score` DISABLE KEYS */;
INSERT INTO `event_score` VALUES (1,1,'1',1,2,'173.12','131.44','M',17,'1.06','Jiří','Szotkowski','10.D','Olympijský šestiboj 2005','25-06-2005'),(3,1,'1',2,2,'3','207.76','F',17,'1.06','Soňa','Pertlová','10.D','Olympijský šestiboj 2005','25-06-2005'),(4,1,'1',3,4,'775','64.02','M',17,'0.97','Filip','Abounukta','10.D','Olympijský šestiboj 2005','25-06-2005'),(5,1,'1',4,3,'349','95.4','F',17,'1.06','Jana','Čečotková','10.D','Olympijský šestiboj 2005','25-06-2005'),(6,1,'1',5,5,'510','135.68','M',17,'1.06','Jakub','Konečný ','10.D','Olympijský šestiboj 2005','25-06-2005'),(7,1,'1',6,5,'391','61','F',16,'1','Markéta','Pindurová','10.D','Olympijský šestiboj 2005','25-06-2005'),(8,1,'1',7,8,'56.05','66.93','M',17,'0.97','Lukáš','Hudeček','10.D','Olympijský šestiboj 2005','25-06-2005'),(9,1,'1',8,8,'40.91','75.66','F',17,'0.97','Aneta','Pustková','10.D','Olympijský šestiboj 2005','25-06-2005'),(10,1,'1',9,9,'7.64','64.02','M',17,'0.97','Lukáš','Tarasovič','10.D','Olympijský šestiboj 2005','25-06-2005'),(11,1,'1',10,9,'5.93','80.51','F',17,'0.97','Adéla','Kyvalská','10.D','Olympijský šestiboj 2005','25-06-2005'),(12,1,'1',11,11,'49.53','66.93','F',17,'0.97','Tereza','Roszková','10.D','Olympijský šestiboj 2005','25-06-2005'),(13,1,'1',12,11,'54.7','57.23','F',17,'0.97','Lucie','Kostková ','10.D','Olympijský šestiboj 2005','25-06-2005'),(14,1,'1',13,11,'41.35','77.6','M',17,'0.97','Jiří','Ciencala','10.D','Olympijský šestiboj 2005','25-06-2005'),(15,1,'1',14,11,'53.01','57.23','M',17,'0.97','David','Dyrčík','10.D','Olympijský šestiboj 2005','25-06-2005'),(16,1,'1',15,11,'44.43','72.75','M',17,'0.97','Radek','Filipek','10.D','Olympijský šestiboj 2005','25-06-2005'),(22,1,'1',16,11,NULL,NULL,'F',17,NULL,'Karolína','Lancová','10.D','Olympijský šestiboj 2005','25-06-2005'),(23,1,'1',1,1,'173.12','131.44','M',17,'1.06','Jiří','Szotkowski','10.D','Olympijský šestiboj 2005','25-06-2005'),(24,1,'1',2,1,NULL,NULL,'F',17,NULL,'Soňa','Pertlová','10.D','Olympijský šestiboj 2005','25-06-2005'),(25,1,'1',3,1,NULL,NULL,'M',17,NULL,'Filip','Abounukta','10.D','Olympijský šestiboj 2005','25-06-2005'),(26,1,'1',3,1,NULL,NULL,'M',17,NULL,'Filip','Abounukta','10.D','Olympijský šestiboj 2005','25-06-2005'),(27,1,'1',4,1,'349','95.4','F',17,'1.06','Jana','Čečotková','10.D','Olympijský šestiboj 2005','25-06-2005'),(28,1,'6',1,3,'173.12','131.44','M',17,'1.06','Jiří','Szotkowski','10.D','Olympijský šestiboj 2005','25-06-2005');
/*!40000 ALTER TABLE `event_score` ENABLE KEYS */;
UNLOCK TABLES;

--
-- Table structure for table `points`
--

DROP TABLE IF EXISTS `points`;
/*!40101 SET @saved_cs_client     = @@character_set_client */;
/*!40101 SET character_set_client = utf8 */;
CREATE TABLE `points` (
  `id` int(11) NOT NULL AUTO_INCREMENT,
  `discipline_id` int(11) DEFAULT NULL,
  `score_value` text,
  `score_value_gender` text,
  `score_points` text,
  PRIMARY KEY (`id`)
) ENGINE=InnoDB AUTO_INCREMENT=99730 DEFAULT CHARSET=utf8 COMMENT='Values...';
/*!40101 SET character_set_client = @saved_cs_client */;

--
-- Dumping data for table `points`
--

LOCK TABLES `points` WRITE;
/*!40000 ALTER TABLE `points` DISABLE KEYS */;
INSERT INTO `points` VALUES (96793,1,'0,0','F','0'),(96794,1,'2,8','F','200'),(96795,1,'2,9','F','198'),(96796,1,'3,0','F','196'),(96797,1,'3,1','F','194'),(96798,1,'3,2','F','192'),(96799,1,'3,3','F','190'),(96800,1,'3,4','F','188'),(96801,1,'3,5','F','186'),(96802,1,'3,6','F','184'),(96803,1,'3,7','F','182'),(96804,1,'3,8','F','180'),(96805,1,'3,9','F','178'),(96806,1,'4,0','F','176'),(96807,1,'4,1','F','174'),(96808,1,'4,2','F','172'),(96809,1,'4,3','F','170'),(96810,1,'4,4','F','168'),(96811,1,'4,5','F','166'),(96812,1,'4,6','F','164'),(96813,1,'4,7','F','162'),(96814,1,'4,8','F','160'),(96815,1,'4,9','F','158'),(96816,1,'5,0','F','156'),(96817,1,'5,1','F','154'),(96818,1,'5,2','F','152'),(96819,1,'5,3','F','150'),(96820,1,'5,4','F','148'),(96821,1,'5,5','F','146'),(96822,1,'5,6','F','144'),(96823,1,'5,7','F','142'),(96824,1,'5,8','F','140'),(96825,1,'5,9','F','138'),(96826,1,'6,0','F','136'),(96827,1,'6,1','F','134'),(96828,1,'6,2','F','132'),(96829,1,'6,3','F','130'),(96830,1,'6,4','F','128'),(96831,1,'6,5','F','126'),(96832,1,'6,6','F','124'),(96833,1,'6,7','F','122'),(96834,1,'6,8','F','120'),(96835,1,'6,9','F','118'),(96836,1,'7,0','F','116'),(96837,1,'7,1','F','114'),(96838,1,'7,2','F','112'),(96839,1,'7,3','F','110'),(96840,1,'7,4','F','108'),(96841,1,'7,5','F','106'),(96842,1,'7,6','F','104'),(96843,1,'7,7','F','102'),(96844,1,'7,8','F','100'),(96845,1,'7,9','F','98'),(96846,1,'8,0','F','96'),(96847,1,'8,1','F','94'),(96848,1,'8,2','F','92'),(96849,1,'8,3','F','90'),(96850,1,'8,4','F','88'),(96851,1,'8,5','F','86'),(96852,1,'8,6','F','84'),(96853,1,'8,7','F','82'),(96854,1,'8,8','F','80'),(96855,1,'8,9','F','77'),(96856,1,'9,0','F','75'),(96857,1,'9,1','F','73'),(96858,1,'9,2','F','71'),(96859,1,'9,3','F','69'),(96860,1,'9,4','F','67'),(96861,1,'9,5','F','65'),(96862,1,'9,6','F','63'),(96863,1,'9,7','F','61'),(96864,1,'9,8','F','58'),(96865,1,'9,9','F','56'),(96866,1,'10,0','F','54'),(96867,1,'10,1','F','51'),(96868,1,'10,2','F','49'),(96869,1,'10,3','F','47'),(96870,1,'10,4','F','45'),(96871,1,'10,5','F','43'),(96872,1,'10,6','F','41'),(96873,1,'10,7','F','38'),(96874,1,'10,8','F','36'),(96875,1,'10,9','F','34'),(96876,1,'11,0','F','32'),(96877,1,'11,1','F','30'),(96878,1,'11,2','F','28'),(96879,1,'11,3','F','26'),(96880,1,'11,4','F','24'),(96881,1,'11,5','F','22'),(96882,1,'11,6','F','19'),(96883,1,'11,7','F','17'),(96884,1,'11,8','F','15'),(96885,1,'11,9','F','13'),(96886,1,'12,0','F','11'),(96887,1,'12,1','F','9'),(96888,1,'12,2','F','7'),(96889,1,'12,3','F','5'),(96890,1,'12,4','F','3'),(96891,1,'12,5','F','1'),(96892,1,'99,0','F','0'),(96893,1,'0,0','M','0'),(96894,1,'4,5','M','148'),(96895,1,'4,6','M','146'),(96896,1,'4,7','M','144'),(96897,1,'4,8','M','142'),(96898,1,'4,9','M','140'),(96899,1,'5,0','M','138'),(96900,1,'5,1','M','136'),(96901,1,'5,2','M','134'),(96902,1,'5,3','M','132'),(96903,1,'5,4','M','130'),(96904,1,'5,5','M','128'),(96905,1,'5,6','M','126'),(96906,1,'5,7','M','124'),(96907,1,'5,8','M','122'),(96908,1,'5,9','M','120'),(96909,1,'6,0','M','118'),(96910,1,'6,1','M','116'),(96911,1,'6,2','M','114'),(96912,1,'6,3','M','112'),(96913,1,'6,4','M','110'),(96914,1,'6,5','M','108'),(96915,1,'6,6','M','106'),(96916,1,'6,7','M','104'),(96917,1,'6,8','M','102'),(96918,1,'6,9','M','100'),(96919,1,'7,0','M','98'),(96920,1,'7,1','M','96'),(96921,1,'7,2','M','94'),(96922,1,'7,3','M','92'),(96923,1,'7,4','M','90'),(96924,1,'7,5','M','88'),(96925,1,'7,6','M','86'),(96926,1,'7,7','M','84'),(96927,1,'7,8','M','82'),(96928,1,'7,9','M','80'),(96929,1,'8,0','M','78'),(96930,1,'8,1','M','76'),(96931,1,'8,2','M','74'),(96932,1,'8,3','M','72'),(96933,1,'8,4','M','70'),(96934,1,'8,5','M','68'),(96935,1,'8,6','M','67'),(96936,1,'8,7','M','65'),(96937,1,'8,8','M','63'),(96938,1,'8,9','M','61'),(96939,1,'9,0','M','59'),(96940,1,'9,1','M','57'),(96941,1,'9,2','M','55'),(96942,1,'9,3','M','53'),(96943,1,'9,4','M','51'),(96944,1,'9,5','M','49'),(96945,1,'9,6','M','47'),(96946,1,'9,7','M','45'),(96947,1,'9,8','M','43'),(96948,1,'9,9','M','41'),(96949,1,'10,0','M','39'),(96950,1,'10,1','M','37'),(96951,1,'10,2','M','35'),(96952,1,'10,3','M','34'),(96953,1,'10,4','M','32'),(96954,1,'10,5','M','30'),(96955,1,'10,6','M','28'),(96956,1,'10,7','M','26'),(96957,1,'10,8','M','24'),(96958,1,'10,9','M','22'),(96959,1,'11,0','M','20'),(96960,1,'11,1','M','18'),(96961,1,'11,2','M','16'),(96962,1,'11,3','M','14'),(96963,1,'11,4','M','12'),(96964,1,'11,5','M','10'),(96965,1,'11,6','M','8'),(96966,1,'11,7','M','6'),(96967,1,'11,8','M','4'),(96968,1,'11,9','M','2'),(96969,1,'12,0','M','1'),(96970,1,'99,0','M','0'),(96971,2,'0','F','0'),(96972,2,'9,8','F','164'),(96973,2,'9,9','F','162'),(96974,2,'10,0','F','160'),(96975,2,'10,1','F','158'),(96976,2,'10,2','F','156'),(96977,2,'10,3','F','154'),(96978,2,'10,4','F','152'),(96979,2,'10,5','F','150'),(96980,2,'10,6','F','148'),(96981,2,'10,7','F','146'),(96982,2,'10,8','F','144'),(96983,2,'10,9','F','142'),(96984,2,'11,0','F','140'),(96985,2,'11,1','F','138'),(96986,2,'11,2','F','136'),(96987,2,'11,3','F','134'),(96988,2,'11,4','F','132'),(96989,2,'11,5','F','130'),(96990,2,'11,6','F','128'),(96991,2,'11,7','F','126'),(96992,2,'11,8','F','124'),(96993,2,'11,9','F','122'),(96994,2,'12,0','F','120'),(96995,2,'12,1','F','118'),(96996,2,'12,2','F','116'),(96997,2,'12,3','F','114'),(96998,2,'12,4','F','112'),(96999,2,'12,5','F','110'),(97000,2,'12,6','F','108'),(97001,2,'12,7','F','106'),(97002,2,'12,8','F','104'),(97003,2,'12,9','F','102'),(97004,2,'13,0','F','100'),(97005,2,'13,1','F','98'),(97006,2,'13,2','F','97'),(97007,2,'13,3','F','95'),(97008,2,'13,4','F','94'),(97009,2,'13,5','F','92'),(97010,2,'13,6','F','91'),(97011,2,'13,7','F','89'),(97012,2,'13,8','F','88'),(97013,2,'13,9','F','86'),(97014,2,'14,0','F','85'),(97015,2,'14,1','F','83'),(97016,2,'14,2','F','81'),(97017,2,'14,3','F','80'),(97018,2,'14,4','F','78'),(97019,2,'14,5','F','77'),(97020,2,'14,6','F','75'),(97021,2,'14,7','F','74'),(97022,2,'14,8','F','72'),(97023,2,'14,9','F','71'),(97024,2,'15,0','F','69'),(97025,2,'15,1','F','68'),(97026,2,'15,2','F','66'),(97027,2,'15,3','F','65'),(97028,2,'15,4','F','63'),(97029,2,'15,5','F','62'),(97030,2,'15,6','F','60'),(97031,2,'15,7','F','59'),(97032,2,'15,8','F','57'),(97033,2,'15,9','F','56'),(97034,2,'16,0','F','54'),(97035,2,'16,1','F','53'),(97036,2,'16,2','F','51'),(97037,2,'16,3','F','50'),(97038,2,'16,4','F','48'),(97039,2,'16,5','F','46'),(97040,2,'16,6','F','45'),(97041,2,'16,7','F','43'),(97042,2,'16,8','F','42'),(97043,2,'16,9','F','40'),(97044,2,'17,0','F','39'),(97045,2,'17,1','F','37'),(97046,2,'17,2','F','36'),(97047,2,'17,3','F','34'),(97048,2,'17,4','F','33'),(97049,2,'17,5','F','31'),(97050,2,'17,6','F','30'),(97051,2,'17,7','F','28'),(97052,2,'17,8','F','27'),(97053,2,'17,9','F','25'),(97054,2,'18,0','F','24'),(97055,2,'18,1','F','22'),(97056,2,'18,2','F','21'),(97057,2,'18,3','F','19'),(97058,2,'18,4','F','17'),(97059,2,'18,5','F','16'),(97060,2,'18,6','F','14'),(97061,2,'18,7','F','13'),(97062,2,'18,8','F','11'),(97063,2,'18,9','F','10'),(97064,2,'19,0','F','8'),(97065,2,'19,1','F','7'),(97066,2,'19,2','F','5'),(97067,2,'19,3','F','4'),(97068,2,'19,4','F','2'),(97069,2,'19,5','F','1'),(97070,2,'99,0','F','0'),(97071,2,'0','M','0'),(97072,2,'9,5','M','138'),(97073,2,'9,6','M','136'),(97074,2,'9,7','M','134'),(97075,2,'9,8','M','132'),(97076,2,'9,9','M','130'),(97077,2,'10,0','M','128'),(97078,2,'10,1','M','126'),(97079,2,'10,2','M','124'),(97080,2,'10,3','M','122'),(97081,2,'10,4','M','120'),(97082,2,'10,5','M','118'),(97083,2,'10,6','M','116'),(97084,2,'10,7','M','114'),(97085,2,'10,8','M','112'),(97086,2,'10,9','M','110'),(97087,2,'11,0','M','108'),(97088,2,'11,1','M','106'),(97089,2,'11,2','M','104'),(97090,2,'11,3','M','102'),(97091,2,'11,4','M','100'),(97092,2,'11,5','M','99'),(97093,2,'11,6','M','97'),(97094,2,'11,7','M','95'),(97095,2,'11,8','M','93'),(97096,2,'11,9','M','92'),(97097,2,'12,0','M','90'),(97098,2,'12,1','M','88'),(97099,2,'12,2','M','86'),(97100,2,'12,3','M','85'),(97101,2,'12,4','M','83'),(97102,2,'12,5','M','81'),(97103,2,'12,6','M','79'),(97104,2,'12,7','M','77'),(97105,2,'12,8','M','76'),(97106,2,'12,9','M','74'),(97107,2,'13,0','M','72'),(97108,2,'13,1','M','70'),(97109,2,'13,2','M','68'),(97110,2,'13,3','M','67'),(97111,2,'13,4','M','65'),(97112,2,'13,5','M','63'),(97113,2,'13,6','M','61'),(97114,2,'13,7','M','60'),(97115,2,'13,8','M','58'),(97116,2,'13,9','M','56'),(97117,2,'14,0','M','54'),(97118,2,'14,1','M','52'),(97119,2,'14,2','M','51'),(97120,2,'14,3','M','49'),(97121,2,'14,4','M','47'),(97122,2,'14,5','M','45'),(97123,2,'14,6','M','43'),(97124,2,'14,7','M','42'),(97125,2,'14,8','M','40'),(97126,2,'14,9','M','38'),(97127,2,'15,0','M','36'),(97128,2,'15,1','M','35'),(97129,2,'15,2','M','33'),(97130,2,'15,3','M','31'),(97131,2,'15,4','M','29'),(97132,2,'15,5','M','27'),(97133,2,'15,6','M','26'),(97134,2,'15,7','M','24'),(97135,2,'15,8','M','22'),(97136,2,'15,9','M','20'),(97137,2,'16,0','M','18'),(97138,2,'16,1','M','17'),(97139,2,'16,2','M','15'),(97140,2,'16,3','M','13'),(97141,2,'16,4','M','11'),(97142,2,'16,5','M','10'),(97143,2,'16,6','M','8'),(97144,2,'16,7','M','6'),(97145,2,'16,8','M','4'),(97146,2,'16,9','M','2'),(97147,2,'17,0','M','1'),(97148,2,'99,0','M','0'),(97149,3,'0','F','0'),(97150,3,'182','F','146'),(97151,3,'185','F','145'),(97152,3,'188','F','144'),(97153,3,'191','F','143'),(97154,3,'194','F','142'),(97155,3,'197','F','141'),(97156,3,'200','F','140'),(97157,3,'203','F','139'),(97158,3,'206','F','138'),(97159,3,'209','F','137'),(97160,3,'212','F','136'),(97161,3,'215','F','135'),(97162,3,'218','F','134'),(97163,3,'221','F','133'),(97164,3,'224','F','132'),(97165,3,'227','F','131'),(97166,3,'230','F','130'),(97167,3,'233','F','129'),(97168,3,'236','F','128'),(97169,3,'239','F','127'),(97170,3,'242','F','126'),(97171,3,'245','F','125'),(97172,3,'248','F','124'),(97173,3,'251','F','123'),(97174,3,'254','F','122'),(97175,3,'257','F','121'),(97176,3,'260','F','120'),(97177,3,'263','F','119'),(97178,3,'266','F','118'),(97179,3,'269','F','117'),(97180,3,'272','F','116'),(97181,3,'275','F','115'),(97182,3,'278','F','114'),(97183,3,'281','F','113'),(97184,3,'284','F','112'),(97185,3,'287','F','111'),(97186,3,'290','F','110'),(97187,3,'293','F','109'),(97188,3,'296','F','108'),(97189,3,'299','F','107'),(97190,3,'302','F','106'),(97191,3,'305','F','105'),(97192,3,'308','F','104'),(97193,3,'311','F','103'),(97194,3,'314','F','102'),(97195,3,'317','F','101'),(97196,3,'320','F','100'),(97197,3,'323','F','99'),(97198,3,'326','F','98'),(97199,3,'329','F','97'),(97200,3,'332','F','96'),(97201,3,'335','F','95'),(97202,3,'338','F','94'),(97203,3,'341','F','93'),(97204,3,'344','F','92'),(97205,3,'347','F','91'),(97206,3,'350','F','90'),(97207,3,'353','F','89'),(97208,3,'356','F','88'),(97209,3,'359','F','87'),(97210,3,'362','F','86'),(97211,3,'365','F','85'),(97212,3,'368','F','84'),(97213,3,'371','F','83'),(97214,3,'374','F','82'),(97215,3,'377','F','81'),(97216,3,'380','F','80'),(97217,3,'383','F','79'),(97218,3,'386','F','78'),(97219,3,'389','F','77'),(97220,3,'392','F','76'),(97221,3,'395','F','75'),(97222,3,'398','F','74'),(97223,3,'401','F','73'),(97224,3,'404','F','72'),(97225,3,'407','F','71'),(97226,3,'410','F','70'),(97227,3,'413','F','69'),(97228,3,'416','F','68'),(97229,3,'419','F','67'),(97230,3,'422','F','66'),(97231,3,'425','F','65'),(97232,3,'428','F','64'),(97233,3,'431','F','63'),(97234,3,'434','F','62'),(97235,3,'437','F','61'),(97236,3,'440','F','60'),(97237,3,'443','F','59'),(97238,3,'446','F','58'),(97239,3,'449','F','57'),(97240,3,'452','F','56'),(97241,3,'455','F','55'),(97242,3,'458','F','54'),(97243,3,'461','F','53'),(97244,3,'464','F','52'),(97245,3,'467','F','51'),(97246,3,'470','F','50'),(97247,3,'473','F','49'),(97248,3,'476','F','48'),(97249,3,'479','F','47'),(97250,3,'482','F','46'),(97251,3,'485','F','45'),(97252,3,'488','F','44'),(97253,3,'491','F','43'),(97254,3,'494','F','42'),(97255,3,'497','F','41'),(97256,3,'500','F','40'),(97257,3,'503','F','39'),(97258,3,'506','F','38'),(97259,3,'509','F','37'),(97260,3,'512','F','36'),(97261,3,'515','F','35'),(97262,3,'518','F','34'),(97263,3,'521','F','33'),(97264,3,'524','F','32'),(97265,3,'527','F','31'),(97266,3,'530','F','30'),(97267,3,'533','F','29'),(97268,3,'536','F','28'),(97269,3,'539','F','27'),(97270,3,'542','F','26'),(97271,3,'545','F','25'),(97272,3,'548','F','24'),(97273,3,'551','F','23'),(97274,3,'554','F','22'),(97275,3,'557','F','21'),(97276,3,'560','F','20'),(97277,3,'563','F','19'),(97278,3,'566','F','18'),(97279,3,'569','F','17'),(97280,3,'572','F','16'),(97281,3,'575','F','15'),(97282,3,'578','F','14'),(97283,3,'581','F','13'),(97284,3,'584','F','12'),(97285,3,'587','F','11'),(97286,3,'590','F','10'),(97287,3,'593','F','9'),(97288,3,'596','F','8'),(97289,3,'599','F','7'),(97290,3,'602','F','6'),(97291,3,'605','F','5'),(97292,3,'608','F','4'),(97293,3,'611','F','3'),(97294,3,'614','F','2'),(97295,3,'617','F','1'),(97296,3,'620','F','0'),(97297,3,'623','F','0'),(97298,3,'0','M','0'),(97299,3,'188','M','124'),(97300,3,'191','M','123'),(97301,3,'194','M','122'),(97302,3,'197','M','121'),(97303,3,'200','M','120'),(97304,3,'203','M','119'),(97305,3,'206','M','118'),(97306,3,'209','M','117'),(97307,3,'212','M','116'),(97308,3,'215','M','115'),(97309,3,'218','M','114'),(97310,3,'221','M','113'),(97311,3,'224','M','112'),(97312,3,'227','M','111'),(97313,3,'230','M','110'),(97314,3,'233','M','109'),(97315,3,'236','M','108'),(97316,3,'239','M','107'),(97317,3,'242','M','106'),(97318,3,'245','M','105'),(97319,3,'248','M','104'),(97320,3,'251','M','103'),(97321,3,'254','M','102'),(97322,3,'257','M','101'),(97323,3,'260','M','100'),(97324,3,'263','M','99'),(97325,3,'266','M','98'),(97326,3,'269','M','97'),(97327,3,'272','M','96'),(97328,3,'275','M','95'),(97329,3,'278','M','94'),(97330,3,'281','M','93'),(97331,3,'284','M','92'),(97332,3,'287','M','91'),(97333,3,'290','M','90'),(97334,3,'293','M','89'),(97335,3,'296','M','88'),(97336,3,'299','M','87'),(97337,3,'302','M','86'),(97338,3,'305','M','85'),(97339,3,'308','M','84'),(97340,3,'311','M','83'),(97341,3,'314','M','82'),(97342,3,'317','M','81'),(97343,3,'320','M','80'),(97344,3,'323','M','79'),(97345,3,'326','M','78'),(97346,3,'329','M','77'),(97347,3,'332','M','76'),(97348,3,'335','M','75'),(97349,3,'338','M','74'),(97350,3,'341','M','73'),(97351,3,'344','M','72'),(97352,3,'347','M','71'),(97353,3,'350','M','70'),(97354,3,'353','M','69'),(97355,3,'356','M','68'),(97356,3,'359','M','67'),(97357,3,'362','M','66'),(97358,3,'365','M','65'),(97359,3,'368','M','64'),(97360,3,'371','M','63'),(97361,3,'374','M','62'),(97362,3,'377','M','61'),(97363,3,'380','M','60'),(97364,3,'383','M','59'),(97365,3,'386','M','58'),(97366,3,'389','M','57'),(97367,3,'392','M','56'),(97368,3,'395','M','55'),(97369,3,'398','M','54'),(97370,3,'401','M','53'),(97371,3,'404','M','52'),(97372,3,'407','M','51'),(97373,3,'410','M','50'),(97374,3,'413','M','49'),(97375,3,'416','M','48'),(97376,3,'419','M','47'),(97377,3,'422','M','46'),(97378,3,'425','M','45'),(97379,3,'428','M','44'),(97380,3,'431','M','43'),(97381,3,'434','M','42'),(97382,3,'437','M','41'),(97383,3,'440','M','40'),(97384,3,'443','M','39'),(97385,3,'446','M','38'),(97386,3,'449','M','37'),(97387,3,'452','M','36'),(97388,3,'455','M','35'),(97389,3,'458','M','34'),(97390,3,'461','M','33'),(97391,3,'464','M','32'),(97392,3,'467','M','31'),(97393,3,'470','M','30'),(97394,3,'473','M','29'),(97395,3,'476','M','28'),(97396,3,'479','M','27'),(97397,3,'482','M','26'),(97398,3,'485','M','25'),(97399,3,'488','M','24'),(97400,3,'491','M','23'),(97401,3,'494','M','22'),(97402,3,'497','M','21'),(97403,3,'500','M','20'),(97404,3,'503','M','19'),(97405,3,'506','M','18'),(97406,3,'509','M','17'),(97407,3,'512','M','16'),(97408,3,'515','M','15'),(97409,3,'518','M','14'),(97410,3,'521','M','13'),(97411,3,'524','M','12'),(97412,3,'527','M','11'),(97413,3,'530','M','10'),(97414,3,'533','M','9'),(97415,3,'536','M','8'),(97416,3,'539','M','7'),(97417,3,'542','M','6'),(97418,3,'545','M','5'),(97419,3,'548','M','4'),(97420,3,'551','M','3'),(97421,3,'554','M','2'),(97422,3,'557','M','1'),(97423,3,'560','M','0'),(97424,3,'563','M','0'),(97425,4,'0','M','0'),(97426,4,'426','M','124'),(97427,4,'432','M','123'),(97428,4,'438','M','122'),(97429,4,'444','M','121'),(97430,4,'450','M','120'),(97431,4,'456','M','119'),(97432,4,'462','M','118'),(97433,4,'468','M','117'),(97434,4,'474','M','116'),(97435,4,'480','M','115'),(97436,4,'486','M','114'),(97437,4,'492','M','113'),(97438,4,'498','M','112'),(97439,4,'504','M','111'),(97440,4,'510','M','110'),(97441,4,'516','M','109'),(97442,4,'522','M','108'),(97443,4,'528','M','107'),(97444,4,'534','M','106'),(97445,4,'540','M','105'),(97446,4,'546','M','104'),(97447,4,'552','M','103'),(97448,4,'558','M','102'),(97449,4,'564','M','101'),(97450,4,'570','M','100'),(97451,4,'576','M','99'),(97452,4,'582','M','98'),(97453,4,'588','M','97'),(97454,4,'594','M','96'),(97455,4,'600','M','95'),(97456,4,'606','M','94'),(97457,4,'612','M','93'),(97458,4,'618','M','92'),(97459,4,'624','M','91'),(97460,4,'630','M','90'),(97461,4,'636','M','89'),(97462,4,'642','M','88'),(97463,4,'648','M','87'),(97464,4,'654','M','86'),(97465,4,'660','M','85'),(97466,4,'666','M','84'),(97467,4,'672','M','83'),(97468,4,'678','M','82'),(97469,4,'684','M','81'),(97470,4,'690','M','80'),(97471,4,'696','M','79'),(97472,4,'702','M','78'),(97473,4,'708','M','77'),(97474,4,'714','M','76'),(97475,4,'720','M','75'),(97476,4,'726','M','74'),(97477,4,'732','M','73'),(97478,4,'738','M','72'),(97479,4,'744','M','71'),(97480,4,'750','M','70'),(97481,4,'756','M','69'),(97482,4,'762','M','68'),(97483,4,'768','M','67'),(97484,4,'774','M','66'),(97485,4,'780','M','65'),(97486,4,'786','M','64'),(97487,4,'792','M','63'),(97488,4,'798','M','62'),(97489,4,'804','M','61'),(97490,4,'810','M','60'),(97491,4,'816','M','59'),(97492,4,'822','M','58'),(97493,4,'828','M','57'),(97494,4,'834','M','56'),(97495,4,'840','M','55'),(97496,4,'846','M','54'),(97497,4,'852','M','53'),(97498,4,'858','M','52'),(97499,4,'864','M','51'),(97500,4,'870','M','50'),(97501,4,'876','M','49'),(97502,4,'882','M','48'),(97503,4,'888','M','47'),(97504,4,'894','M','46'),(97505,4,'900','M','45'),(97506,4,'906','M','44'),(97507,4,'912','M','43'),(97508,4,'918','M','42'),(97509,4,'924','M','41'),(97510,4,'930','M','40'),(97511,4,'936','M','39'),(97512,4,'942','M','38'),(97513,4,'948','M','37'),(97514,4,'954','M','36'),(97515,4,'960','M','35'),(97516,4,'966','M','34'),(97517,4,'972','M','33'),(97518,4,'978','M','32'),(97519,4,'984','M','31'),(97520,4,'990','M','30'),(97521,4,'996','M','29'),(97522,4,'1002','M','28'),(97523,4,'1008','M','27'),(97524,4,'1014','M','26'),(97525,4,'1020','M','25'),(97526,4,'1026','M','24'),(97527,4,'1032','M','23'),(97528,4,'1038','M','22'),(97529,4,'1044','M','21'),(97530,4,'1050','M','20'),(97531,4,'1056','M','19'),(97532,4,'1062','M','18'),(97533,4,'1068','M','17'),(97534,4,'1074','M','16'),(97535,4,'1080','M','15'),(97536,4,'1086','M','14'),(97537,4,'1092','M','13'),(97538,4,'1098','M','12'),(97539,4,'1104','M','11'),(97540,4,'1110','M','10'),(97541,4,'1116','M','9'),(97542,4,'1122','M','8'),(97543,4,'1128','M','7'),(97544,4,'1134','M','6'),(97545,4,'1140','M','5'),(97546,4,'1146','M','4'),(97547,4,'1152','M','3'),(97548,4,'1158','M','2'),(97549,4,'1164','M','1'),(97550,4,'1170','M','0'),(97551,4,'1176','M','0'),(97552,5,'0','F','0'),(97553,5,'190','F','1'),(97554,5,'193','F','2'),(97555,5,'197','F','3'),(97556,5,'200','F','4'),(97557,5,'203','F','5'),(97558,5,'207','F','6'),(97559,5,'210','F','7'),(97560,5,'213','F','8'),(97561,5,'217','F','9'),(97562,5,'220','F','10'),(97563,5,'223','F','11'),(97564,5,'227','F','12'),(97565,5,'230','F','13'),(97566,5,'233','F','14'),(97567,5,'237','F','15'),(97568,5,'240','F','16'),(97569,5,'243','F','17'),(97570,5,'247','F','18'),(97571,5,'250','F','19'),(97572,5,'253','F','20'),(97573,5,'257','F','21'),(97574,5,'260','F','22'),(97575,5,'263','F','23'),(97576,5,'267','F','24'),(97577,5,'270','F','25'),(97578,5,'273','F','26'),(97579,5,'277','F','27'),(97580,5,'280','F','28'),(97581,5,'283','F','29'),(97582,5,'287','F','30'),(97583,5,'290','F','31'),(97584,5,'293','F','32'),(97585,5,'297','F','33'),(97586,5,'300','F','34'),(97587,5,'303','F','35'),(97588,5,'307','F','36'),(97589,5,'310','F','37'),(97590,5,'313','F','38'),(97591,5,'317','F','39'),(97592,5,'320','F','40'),(97593,5,'323','F','41'),(97594,5,'327','F','42'),(97595,5,'330','F','43'),(97596,5,'333','F','44'),(97597,5,'337','F','45'),(97598,5,'340','F','46'),(97599,5,'343','F','47'),(97600,5,'347','F','48'),(97601,5,'350','F','49'),(97602,5,'353','F','50'),(97603,5,'357','F','51'),(97604,5,'360','F','52'),(97605,5,'363','F','53'),(97606,5,'366','F','54'),(97607,5,'370','F','55'),(97608,5,'373','F','56'),(97609,5,'376','F','57'),(97610,5,'380','F','58'),(97611,5,'383','F','59'),(97612,5,'386','F','60'),(97613,5,'390','F','61'),(97614,5,'393','F','62'),(97615,5,'396','F','63'),(97616,5,'400','F','64'),(97617,5,'403','F','65'),(97618,5,'406','F','66'),(97619,5,'410','F','67'),(97620,5,'413','F','68'),(97621,5,'416','F','69'),(97622,5,'420','F','70'),(97623,5,'423','F','71'),(97624,5,'426','F','72'),(97625,5,'430','F','73'),(97626,5,'433','F','74'),(97627,5,'436','F','75'),(97628,5,'440','F','76'),(97629,5,'443','F','77'),(97630,5,'446','F','78'),(97631,5,'450','F','79'),(97632,5,'453','F','80'),(97633,5,'456','F','81'),(97634,5,'460','F','82'),(97635,5,'463','F','83'),(97636,5,'466','F','84'),(97637,5,'470','F','85'),(97638,5,'473','F','86'),(97639,5,'476','F','87'),(97640,5,'480','F','88'),(97641,5,'483','F','89'),(97642,5,'486','F','90'),(97643,5,'490','F','91'),(97644,5,'493','F','92'),(97645,5,'496','F','93'),(97646,5,'500','F','94'),(97647,5,'503','F','95'),(97648,5,'506','F','96'),(97649,5,'520','F','97'),(97650,5,'513','F','98'),(97651,5,'516','F','99'),(97652,5,'520','F','100'),(97653,5,'523','F','101'),(97654,5,'526','F','102'),(97655,5,'529','F','103'),(97656,5,'532','F','104'),(97657,5,'535','F','105'),(97658,5,'538','F','106'),(97659,5,'541','F','107'),(97660,5,'544','F','108'),(97661,5,'547','F','109'),(97662,5,'550','F','110'),(97663,5,'553','F','111'),(97664,5,'556','F','112'),(97665,5,'559','F','113'),(97666,5,'562','F','114'),(97667,5,'565','F','115'),(97668,5,'568','F','116'),(97669,5,'571','F','117'),(97670,5,'574','F','118'),(97671,5,'577','F','119'),(97672,5,'580','F','120'),(97673,5,'583','F','121'),(97674,5,'586','F','122'),(97675,5,'589','F','123'),(97676,5,'592','F','124'),(97677,5,'595','F','125'),(97678,5,'598','F','126'),(97679,5,'601','F','127'),(97680,5,'604','F','128'),(97681,5,'607','F','129'),(97682,5,'610','F','130'),(97683,5,'613','F','131'),(97684,5,'616','F','132'),(97685,5,'619','F','133'),(97686,5,'622','F','134'),(97687,5,'625','F','135'),(97688,5,'628','F','136'),(97689,5,'631','F','137'),(97690,5,'634','F','138'),(97691,5,'637','F','139'),(97692,5,'640','F','140'),(97693,5,'643','F','141'),(97694,5,'646','F','142'),(97695,5,'649','F','143'),(97696,5,'652','F','144'),(97697,5,'655','F','145'),(97698,5,'658','F','146'),(97699,5,'661','F','147'),(97700,5,'664','F','148'),(97701,5,'667','F','149'),(97702,5,'670','F','150'),(97703,5,'673','F','151'),(97704,5,'676','F','152'),(97705,5,'679','F','153'),(97706,5,'682','F','154'),(97707,5,'685','F','155'),(97708,5,'688','F','156'),(97709,5,'691','F','157'),(97710,5,'694','F','158'),(97711,5,'697','F','159'),(97712,5,'700','F','160'),(97713,5,'703','F','161'),(97714,5,'706','F','162'),(97715,5,'709','F','163'),(97716,5,'712','F','164'),(97717,5,'715','F','165'),(97718,5,'718','F','166'),(97719,5,'721','F','167'),(97720,5,'724','F','168'),(97721,5,'727','F','169'),(97722,5,'730','F','170'),(97723,5,'733','F','171'),(97724,5,'0','M','0'),(97725,5,'230','M','1'),(97726,5,'234','M','2'),(97727,5,'238','M','3'),(97728,5,'243','M','4'),(97729,5,'247','M','5'),(97730,5,'251','M','6'),(97731,5,'255','M','7'),(97732,5,'260','M','8'),(97733,5,'264','M','9'),(97734,5,'268','M','10'),(97735,5,'272','M','11'),(97736,5,'277','M','12'),(97737,5,'281','M','13'),(97738,5,'285','M','14'),(97739,5,'289','M','15'),(97740,5,'294','M','16'),(97741,5,'298','M','17'),(97742,5,'302','M','18'),(97743,5,'306','M','19'),(97744,5,'311','M','20'),(97745,5,'315','M','21'),(97746,5,'319','M','22'),(97747,5,'323','M','23'),(97748,5,'328','M','24'),(97749,5,'332','M','25'),(97750,5,'336','M','26'),(97751,5,'340','M','27'),(97752,5,'345','M','28'),(97753,5,'349','M','29'),(97754,5,'353','M','30'),(97755,5,'357','M','31'),(97756,5,'361','M','32'),(97757,5,'366','M','33'),(97758,5,'370','M','34'),(97759,5,'374','M','35'),(97760,5,'378','M','36'),(97761,5,'383','M','37'),(97762,5,'387','M','38'),(97763,5,'391','M','39'),(97764,5,'395','M','40'),(97765,5,'400','M','41'),(97766,5,'404','M','42'),(97767,5,'408','M','43'),(97768,5,'412','M','44'),(97769,5,'417','M','45'),(97770,5,'421','M','46'),(97771,5,'425','M','47'),(97772,5,'429','M','48'),(97773,5,'434','M','49'),(97774,5,'438','M','50'),(97775,5,'442','M','51'),(97776,5,'446','M','52'),(97777,5,'451','M','53'),(97778,5,'455','M','54'),(97779,5,'459','M','55'),(97780,5,'463','M','56'),(97781,5,'467','M','57'),(97782,5,'472','M','58'),(97783,5,'476','M','59'),(97784,5,'480','M','60'),(97785,5,'484','M','61'),(97786,5,'489','M','62'),(97787,5,'493','M','63'),(97788,5,'497','M','64'),(97789,5,'501','M','65'),(97790,5,'506','M','66'),(97791,5,'510','M','67'),(97792,5,'514','M','68'),(97793,5,'518','M','69'),(97794,5,'523','M','70'),(97795,5,'527','M','71'),(97796,5,'531','M','72'),(97797,5,'535','M','73'),(97798,5,'540','M','74'),(97799,5,'544','M','75'),(97800,5,'548','M','76'),(97801,5,'552','M','77'),(97802,5,'557','M','78'),(97803,5,'561','M','79'),(97804,5,'565','M','80'),(97805,5,'569','M','81'),(97806,5,'573','M','82'),(97807,5,'578','M','83'),(97808,5,'582','M','84'),(97809,5,'586','M','85'),(97810,5,'590','M','86'),(97811,5,'595','M','87'),(97812,5,'599','M','88'),(97813,5,'603','M','89'),(97814,5,'607','M','90'),(97815,5,'612','M','91'),(97816,5,'616','M','92'),(97817,5,'620','M','93'),(97818,5,'624','M','94'),(97819,5,'629','M','95'),(97820,5,'633','M','96'),(97821,5,'637','M','97'),(97822,5,'641','M','98'),(97823,5,'646','M','99'),(97824,5,'650','M','100'),(97825,5,'654','M','101'),(97826,5,'658','M','102'),(97827,5,'662','M','103'),(97828,5,'666','M','104'),(97829,5,'670','M','105'),(97830,5,'674','M','106'),(97831,5,'678','M','107'),(97832,5,'682','M','108'),(97833,5,'686','M','109'),(97834,5,'690','M','110'),(97835,5,'694','M','111'),(97836,5,'698','M','112'),(97837,5,'702','M','113'),(97838,5,'706','M','114'),(97839,5,'710','M','115'),(97840,5,'714','M','116'),(97841,5,'718','M','117'),(97842,5,'722','M','118'),(97843,5,'726','M','119'),(97844,5,'730','M','120'),(97845,5,'734','M','121'),(97846,5,'738','M','122'),(97847,5,'742','M','123'),(97848,5,'746','M','124'),(97849,5,'999','M','0'),(97850,6,'0','F','0'),(97851,6,'80','F','30'),(97852,6,'81','F','31'),(97853,6,'82','F','32'),(97854,6,'83','F','33'),(97855,6,'84','F','34'),(97856,6,'85','F','35'),(97857,6,'86','F','36'),(97858,6,'87','F','37'),(97859,6,'88','F','38'),(97860,6,'89','F','39'),(97861,6,'90','F','40'),(97862,6,'91','F','41'),(97863,6,'92','F','42'),(97864,6,'93','F','43'),(97865,6,'94','F','44'),(97866,6,'95','F','45'),(97867,6,'96','F','46'),(97868,6,'97','F','47'),(97869,6,'98','F','48'),(97870,6,'99','F','49'),(97871,6,'100','F','50'),(97872,6,'101','F','51'),(97873,6,'102','F','52'),(97874,6,'103','F','53'),(97875,6,'104','F','54'),(97876,6,'105','F','55'),(97877,6,'106','F','56'),(97878,6,'107','F','57'),(97879,6,'108','F','58'),(97880,6,'109','F','59'),(97881,6,'110','F','60'),(97882,6,'111','F','61'),(97883,6,'112','F','62'),(97884,6,'113','F','63'),(97885,6,'114','F','64'),(97886,6,'115','F','65'),(97887,6,'116','F','66'),(97888,6,'117','F','67'),(97889,6,'118','F','68'),(97890,6,'119','F','69'),(97891,6,'120','F','70'),(97892,6,'121','F','71'),(97893,6,'122','F','72'),(97894,6,'123','F','73'),(97895,6,'124','F','74'),(97896,6,'125','F','75'),(97897,6,'126','F','76'),(97898,6,'127','F','77'),(97899,6,'128','F','78'),(97900,6,'129','F','79'),(97901,6,'130','F','80'),(97902,6,'131','F','81'),(97903,6,'132','F','82'),(97904,6,'133','F','83'),(97905,6,'134','F','84'),(97906,6,'135','F','85'),(97907,6,'136','F','86'),(97908,6,'137','F','87'),(97909,6,'138','F','88'),(97910,6,'139','F','89'),(97911,6,'140','F','90'),(97912,6,'141','F','91'),(97913,6,'142','F','92'),(97914,6,'143','F','93'),(97915,6,'144','F','94'),(97916,6,'145','F','95'),(97917,6,'146','F','96'),(97918,6,'147','F','97'),(97919,6,'148','F','98'),(97920,6,'149','F','99'),(97921,6,'150','F','100'),(97922,6,'151','F','101'),(97923,6,'152','F','102'),(97924,6,'153','F','103'),(97925,6,'154','F','104'),(97926,6,'155','F','105'),(97927,6,'156','F','106'),(97928,6,'157','F','107'),(97929,6,'158','F','108'),(97930,6,'159','F','109'),(97931,6,'160','F','110'),(97932,6,'161','F','111'),(97933,6,'162','F','112'),(97934,6,'163','F','113'),(97935,6,'164','F','114'),(97936,6,'165','F','115'),(97937,6,'166','F','116'),(97938,6,'167','F','117'),(97939,6,'168','F','118'),(97940,6,'169','F','119'),(97941,6,'170','F','120'),(97942,6,'171','F','121'),(97943,6,'172','F','122'),(97944,6,'173','F','123'),(97945,6,'174','F','124'),(97946,6,'175','F','125'),(97947,6,'176','F','126'),(97948,6,'177','F','127'),(97949,6,'178','F','128'),(97950,6,'179','F','129'),(97951,6,'180','F','130'),(97952,6,'181','F','131'),(97953,6,'182','F','132'),(97954,6,'183','F','133'),(97955,6,'184','F','134'),(97956,6,'185','F','135'),(97957,6,'186','F','136'),(97958,6,'187','F','137'),(97959,6,'188','F','138'),(97960,6,'189','F','139'),(97961,6,'190','F','140'),(97962,6,'191','F','141'),(97963,6,'192','F','142'),(97964,6,'193','F','143'),(97965,6,'194','F','144'),(97966,6,'195','F','145'),(97967,6,'196','F','146'),(97968,6,'197','F','147'),(97969,6,'198','F','148'),(97970,6,'199','F','149'),(97971,6,'200','F','150'),(97972,6,'201','F','151'),(97973,6,'202','F','152'),(97974,6,'203','F','153'),(97975,6,'204','F','154'),(97976,6,'205','F','155'),(97977,6,'206','F','156'),(97978,6,'207','F','157'),(97979,6,'208','F','158'),(97980,6,'209','F','159'),(97981,6,'210','F','160'),(97982,6,'211','F','161'),(97983,6,'212','F','162'),(97984,6,'213','F','163'),(97985,6,'214','F','164'),(97986,6,'215','F','165'),(97987,6,'216','F','166'),(97988,6,'217','F','167'),(97989,6,'218','F','168'),(97990,6,'219','F','169'),(97991,6,'220','F','170'),(97992,6,'221','F','171'),(97993,6,'222','F','172'),(97994,6,'223','F','173'),(97995,6,'224','F','174'),(97996,6,'225','F','175'),(97997,6,'226','F','176'),(97998,6,'227','F','177'),(97999,6,'228','F','178'),(98000,6,'229','F','179'),(98001,6,'230','F','180'),(98002,6,'231','F','181'),(98003,6,'232','F','182'),(98004,6,'233','F','183'),(98005,6,'234','F','184'),(98006,6,'235','F','185'),(98007,6,'236','F','186'),(98008,6,'237','F','187'),(98009,6,'238','F','188'),(98010,6,'239','F','189'),(98011,6,'240','F','190'),(98012,6,'241','F','191'),(98013,6,'242','F','192'),(98014,6,'243','F','193'),(98015,6,'244','F','194'),(98016,6,'245','F','195'),(98017,6,'246','F','196'),(98018,6,'247','F','197'),(98019,6,'248','F','198'),(98020,6,'249','F','199'),(98021,6,'250','F','200'),(98022,6,'0','M','0'),(98023,6,'100','M','14'),(98024,6,'101','M','15'),(98025,6,'102','M','16'),(98026,6,'103','M','17'),(98027,6,'104','M','18'),(98028,6,'105','M','19'),(98029,6,'106','M','20'),(98030,6,'107','M','21'),(98031,6,'108','M','22'),(98032,6,'109','M','23'),(98033,6,'110','M','24'),(98034,6,'111','M','25'),(98035,6,'112','M','26'),(98036,6,'113','M','27'),(98037,6,'114','M','28'),(98038,6,'115','M','29'),(98039,6,'116','M','30'),(98040,6,'117','M','31'),(98041,6,'118','M','32'),(98042,6,'119','M','33'),(98043,6,'120','M','34'),(98044,6,'121','M','35'),(98045,6,'122','M','36'),(98046,6,'123','M','37'),(98047,6,'124','M','38'),(98048,6,'125','M','39'),(98049,6,'126','M','40'),(98050,6,'127','M','41'),(98051,6,'128','M','42'),(98052,6,'129','M','43'),(98053,6,'130','M','44'),(98054,6,'131','M','45'),(98055,6,'132','M','46'),(98056,6,'133','M','47'),(98057,6,'134','M','48'),(98058,6,'135','M','49'),(98059,6,'136','M','50'),(98060,6,'137','M','51'),(98061,6,'138','M','52'),(98062,6,'139','M','53'),(98063,6,'140','M','54'),(98064,6,'141','M','55'),(98065,6,'142','M','56'),(98066,6,'143','M','57'),(98067,6,'144','M','58'),(98068,6,'145','M','59'),(98069,6,'146','M','60'),(98070,6,'147','M','61'),(98071,6,'148','M','62'),(98072,6,'149','M','63'),(98073,6,'150','M','64'),(98074,6,'151','M','65'),(98075,6,'152','M','66'),(98076,6,'153','M','67'),(98077,6,'154','M','68'),(98078,6,'155','M','69'),(98079,6,'156','M','70'),(98080,6,'157','M','71'),(98081,6,'158','M','72'),(98082,6,'159','M','73'),(98083,6,'160','M','74'),(98084,6,'161','M','75'),(98085,6,'162','M','76'),(98086,6,'163','M','77'),(98087,6,'164','M','78'),(98088,6,'165','M','79'),(98089,6,'166','M','80'),(98090,6,'167','M','81'),(98091,6,'168','M','82'),(98092,6,'169','M','83'),(98093,6,'170','M','84'),(98094,6,'171','M','85'),(98095,6,'172','M','86'),(98096,6,'173','M','87'),(98097,6,'174','M','88'),(98098,6,'175','M','89'),(98099,6,'176','M','90'),(98100,6,'177','M','91'),(98101,6,'178','M','92'),(98102,6,'179','M','93'),(98103,6,'180','M','94'),(98104,6,'181','M','95'),(98105,6,'182','M','96'),(98106,6,'183','M','97'),(98107,6,'184','M','98'),(98108,6,'185','M','99'),(98109,6,'186','M','100'),(98110,6,'187','M','101'),(98111,6,'188','M','102'),(98112,6,'189','M','103'),(98113,6,'190','M','104'),(98114,6,'191','M','105'),(98115,6,'192','M','106'),(98116,6,'193','M','107'),(98117,6,'194','M','108'),(98118,6,'195','M','109'),(98119,6,'196','M','110'),(98120,6,'197','M','111'),(98121,6,'198','M','112'),(98122,6,'199','M','113'),(98123,6,'200','M','114'),(98124,6,'201','M','115'),(98125,6,'202','M','116'),(98126,6,'203','M','117'),(98127,6,'204','M','118'),(98128,6,'205','M','119'),(98129,6,'206','M','120'),(98130,6,'207','M','121'),(98131,6,'208','M','122'),(98132,6,'209','M','123'),(98133,6,'210','M','124'),(98134,6,'211','M','125'),(98135,6,'212','M','126'),(98136,6,'213','M','127'),(98137,6,'214','M','128'),(98138,6,'999','M','0'),(98139,7,'0','F','0'),(98140,7,'10,0','F','1'),(98141,7,'10,6','F','2'),(98142,7,'11,1','F','3'),(98143,7,'11,7','F','4'),(98144,7,'12,2','F','5'),(98145,7,'12,8','F','6'),(98146,7,'13,3','F','7'),(98147,7,'13,9','F','8'),(98148,7,'14,4','F','9'),(98149,7,'15,0','F','10'),(98150,7,'15,6','F','11'),(98151,7,'16,1','F','12'),(98152,7,'16,7','F','13'),(98153,7,'17,2','F','14'),(98154,7,'17,8','F','15'),(98155,7,'18,3','F','16'),(98156,7,'18,9','F','17'),(98157,7,'19,5','F','18'),(98158,7,'20,0','F','19'),(98159,7,'20,6','F','20'),(98160,7,'21,1','F','21'),(98161,7,'21,7','F','22'),(98162,7,'22,2','F','23'),(98163,7,'22,8','F','24'),(98164,7,'23,3','F','25'),(98165,7,'23,9','F','26'),(98166,7,'24,5','F','27'),(98167,7,'25,0','F','28'),(98168,7,'25,6','F','29'),(98169,7,'26,1','F','30'),(98170,7,'26,7','F','31'),(98171,7,'27,2','F','32'),(98172,7,'27,8','F','33'),(98173,7,'28,3','F','34'),(98174,7,'28,9','F','35'),(98175,7,'29,5','F','36'),(98176,7,'30,0','F','37'),(98177,7,'30,6','F','38'),(98178,7,'31,1','F','39'),(98179,7,'31,7','F','40'),(98180,7,'32,2','F','41'),(98181,7,'32,8','F','42'),(98182,7,'33,4','F','43'),(98183,7,'33,9','F','44'),(98184,7,'34,6','F','45'),(98185,7,'35,0','F','46'),(98186,7,'35,6','F','47'),(98187,7,'36,1','F','48'),(98188,7,'36,7','F','49'),(98189,7,'37,2','F','50'),(98190,7,'37,8','F','51'),(98191,7,'38,4','F','52'),(98192,7,'38,9','F','53'),(98193,7,'39,5','F','54'),(98194,7,'40,0','F','55'),(98195,7,'40,6','F','56'),(98196,7,'41,1','F','57'),(98197,7,'41,7','F','58'),(98198,7,'42,2','F','59'),(98199,7,'42,8','F','60'),(98200,7,'43,4','F','61'),(98201,7,'43,9','F','62'),(98202,7,'44,5','F','63'),(98203,7,'45,0','F','64'),(98204,7,'45,6','F','65'),(98205,7,'46,1','F','66'),(98206,7,'46,7','F','67'),(98207,7,'47,3','F','68'),(98208,7,'47,8','F','69'),(98209,7,'48,4','F','70'),(98210,7,'48,9','F','71'),(98211,7,'49,5','F','72'),(98212,7,'50,0','F','73'),(98213,7,'50,6','F','74'),(98214,7,'51,1','F','75'),(98215,7,'51,7','F','76'),(98216,7,'52,3','F','77'),(98217,7,'52,8','F','78'),(98218,7,'53,4','F','79'),(98219,7,'53,9','F','80'),(98220,7,'54,5','F','81'),(98221,7,'55,0','F','82'),(98222,7,'55,6','F','83'),(98223,7,'56,1','F','84'),(98224,7,'56,7','F','85'),(98225,7,'57,3','F','86'),(98226,7,'57,8','F','87'),(98227,7,'58,4','F','88'),(98228,7,'58,9','F','89'),(98229,7,'59,5','F','90'),(98230,7,'60,0','F','91'),(98231,7,'60,6','F','92'),(98232,7,'61,2','F','93'),(98233,7,'61,7','F','94'),(98234,7,'62,3','F','95'),(98235,7,'62,8','F','96'),(98236,7,'63,4','F','97'),(98237,7,'63,9','F','98'),(98238,7,'64,5','F','99'),(98239,7,'65,0','F','100'),(98240,7,'65,5','F','101'),(98241,7,'66,0','F','102'),(98242,7,'66,5','F','103'),(98243,7,'67,0','F','104'),(98244,7,'67,5','F','105'),(98245,7,'68,0','F','106'),(98246,7,'68,5','F','107'),(98247,7,'69,0','F','108'),(98248,7,'69,5','F','109'),(98249,7,'70,0','F','110'),(98250,7,'70,5','F','111'),(98251,7,'71,0','F','112'),(98252,7,'71,5','F','113'),(98253,7,'72,0','F','114'),(98254,7,'72,5','F','115'),(98255,7,'73,0','F','116'),(98256,7,'73,5','F','117'),(98257,7,'74,0','F','118'),(98258,7,'74,5','F','119'),(98259,7,'75,0','F','120'),(98260,7,'75,5','F','121'),(98261,7,'76,0','F','122'),(98262,7,'76,5','F','123'),(98263,7,'77,0','F','124'),(98264,7,'77,5','F','125'),(98265,7,'78,0','F','126'),(98266,7,'78,5','F','127'),(98267,7,'79,0','F','128'),(98268,7,'79,5','F','129'),(98269,7,'80,0','F','130'),(98270,7,'80,5','F','131'),(98271,7,'81,0','F','132'),(98272,7,'81,5','F','133'),(98273,7,'82,0','F','134'),(98274,7,'82,5','F','135'),(98275,7,'83,0','F','136'),(98276,7,'83,5','F','137'),(98277,7,'84,0','F','138'),(98278,7,'84,5','F','139'),(98279,7,'85,0','F','140'),(98280,7,'85,5','F','141'),(98281,7,'86,0','F','142'),(98282,7,'86,5','F','143'),(98283,7,'87,0','F','144'),(98284,7,'87,5','F','145'),(98285,7,'88,0','F','146'),(98286,7,'88,5','F','147'),(98287,7,'89,0','F','148'),(98288,7,'89,5','F','149'),(98289,7,'90,0','F','150'),(98290,7,'90,5','F','151'),(98291,7,'91,0','F','152'),(98292,7,'91,5','F','153'),(98293,7,'92,0','F','154'),(98294,7,'92,5','F','155'),(98295,7,'93,0','F','156'),(98296,7,'93,5','F','157'),(98297,7,'94,0','F','158'),(98298,7,'94,5','F','159'),(98299,7,'95,0','F','160'),(98300,7,'95,5','F','161'),(98301,7,'96,0','F','162'),(98302,7,'96,5','F','163'),(98303,7,'97,0','F','164'),(98304,7,'97,5','F','165'),(98305,7,'98,0','F','166'),(98306,7,'98,5','F','167'),(98307,7,'99,0','F','168'),(98308,7,'99,5','F','169'),(98309,7,'100,0','F','170'),(98310,7,'100,5','F','171'),(98311,7,'0','M','0'),(98312,7,'14,0','M','1'),(98313,7,'14,6','M','2'),(98314,7,'15,2','M','3'),(98315,7,'15,8','M','4'),(98316,7,'16,5','M','5'),(98317,7,'17,1','M','6'),(98318,7,'17,7','M','7'),(98319,7,'18,3','M','8'),(98320,7,'18,9','M','9'),(98321,7,'19,5','M','10'),(98322,7,'20,1','M','11'),(98323,7,'20,8','M','12'),(98324,7,'21,4','M','13'),(98325,7,'22,0','M','14'),(98326,7,'22,6','M','15'),(98327,7,'23,2','M','16'),(98328,7,'23,9','M','17'),(98329,7,'24,5','M','18'),(98330,7,'25,1','M','19'),(98331,7,'25,7','M','20'),(98332,7,'26,3','M','21'),(98333,7,'26,9','M','22'),(98334,7,'27,6','M','23'),(98335,7,'28,2','M','24'),(98336,7,'28,8','M','25'),(98337,7,'29,4','M','26'),(98338,7,'30,0','M','27'),(98339,7,'30,6','M','28'),(98340,7,'31,2','M','29'),(98341,7,'31,9','M','30'),(98342,7,'32,5','M','31'),(98343,7,'33,1','M','32'),(98344,7,'33,7','M','33'),(98345,7,'34,3','M','34'),(98346,7,'34,9','M','35'),(98347,7,'35,6','M','36'),(98348,7,'36,2','M','37'),(98349,7,'36,8','M','38'),(98350,7,'37,4','M','39'),(98351,7,'38,0','M','40'),(98352,7,'38,6','M','41'),(98353,7,'39,3','M','42'),(98354,7,'39,9','M','43'),(98355,7,'40,5','M','44'),(98356,7,'41,1','M','45'),(98357,7,'41,7','M','46'),(98358,7,'42,3','M','47'),(98359,7,'43,0','M','48'),(98360,7,'43,6','M','49'),(98361,7,'44,2','M','50'),(98362,7,'44,8','M','51'),(98363,7,'45,4','M','52'),(98364,7,'46,0','M','53'),(98365,7,'46,6','M','54'),(98366,7,'47,3','M','55'),(98367,7,'47,9','M','56'),(98368,7,'48,5','M','57'),(98369,7,'49,1','M','58'),(98370,7,'49,7','M','59'),(98371,7,'50,3','M','60'),(98372,7,'51,0','M','61'),(98373,7,'51,6','M','62'),(98374,7,'52,2','M','63'),(98375,7,'52,8','M','64'),(98376,7,'53,4','M','65'),(98377,7,'54,0','M','66'),(98378,7,'54,7','M','67'),(98379,7,'55,3','M','68'),(98380,7,'55,9','M','69'),(98381,7,'56,5','M','70'),(98382,7,'57,1','M','71'),(98383,7,'57,7','M','72'),(98384,7,'58,4','M','73'),(98385,7,'59,0','M','74'),(98386,7,'59,6','M','75'),(98387,7,'60,2','M','76'),(98388,7,'60,8','M','77'),(98389,7,'61,4','M','78'),(98390,7,'62,0','M','79'),(98391,7,'62,7','M','80'),(98392,7,'63,3','M','81'),(98393,7,'63,9','M','82'),(98394,7,'64,5','M','83'),(98395,7,'65,1','M','84'),(98396,7,'65,7','M','85'),(98397,7,'66,4','M','86'),(98398,7,'67,0','M','87'),(98399,7,'67,6','M','88'),(98400,7,'68,2','M','89'),(98401,7,'68,8','M','90'),(98402,7,'69,4','M','91'),(98403,7,'70,1','M','92'),(98404,7,'70,7','M','93'),(98405,7,'71,3','M','94'),(98406,7,'71,9','M','95'),(98407,7,'72,5','M','96'),(98408,7,'73,1','M','97'),(98409,7,'73,8','M','98'),(98410,7,'74,4','M','99'),(98411,7,'75,0','M','100'),(98412,7,'75,6','M','101'),(98413,7,'76,2','M','102'),(98414,7,'76,8','M','103'),(98415,7,'77,4','M','104'),(98416,7,'78,0','M','105'),(98417,7,'78,6','M','106'),(98418,7,'79,2','M','107'),(98419,7,'79,8','M','108'),(98420,7,'80,4','M','109'),(98421,7,'81,0','M','110'),(98422,7,'81,6','M','111'),(98423,7,'82,2','M','112'),(98424,7,'82,8','M','113'),(98425,7,'83,4','M','114'),(98426,7,'84,0','M','115'),(98427,7,'999,0','M','0'),(98428,8,'0','F','0'),(98429,8,'10,0','F','1'),(98430,8,'10,4','F','2'),(98431,8,'10,8','F','3'),(98432,8,'11,2','F','4'),(98433,8,'11,6','F','5'),(98434,8,'12,0','F','6'),(98435,8,'12,4','F','7'),(98436,8,'12,8','F','8'),(98437,8,'13,2','F','9'),(98438,8,'13,6','F','10'),(98439,8,'14,0','F','11'),(98440,8,'14,4','F','12'),(98441,8,'14,8','F','13'),(98442,8,'15,3','F','14'),(98443,8,'15,7','F','15'),(98444,8,'16,1','F','16'),(98445,8,'16,5','F','17'),(98446,8,'16,9','F','18'),(98447,8,'17,3','F','19'),(98448,8,'17,7','F','20'),(98449,8,'18,1','F','21'),(98450,8,'18,5','F','22'),(98451,8,'18,9','F','23'),(98452,8,'19,3','F','24'),(98453,8,'19,7','F','25'),(98454,8,'20,1','F','26'),(98455,8,'20,5','F','27'),(98456,8,'20,9','F','28'),(98457,8,'21,3','F','29'),(98458,8,'21,7','F','30'),(98459,8,'22,1','F','31'),(98460,8,'22,5','F','32'),(98461,8,'22,9','F','33'),(98462,8,'23,3','F','34'),(98463,8,'23,7','F','35'),(98464,8,'24,1','F','36'),(98465,8,'24,5','F','37'),(98466,8,'24,9','F','38'),(98467,8,'25,4','F','39'),(98468,8,'25,8','F','40'),(98469,8,'26,2','F','41'),(98470,8,'26,6','F','42'),(98471,8,'27,0','F','43'),(98472,8,'27,4','F','44'),(98473,8,'27,8','F','45'),(98474,8,'28,2','F','46'),(98475,8,'28,6','F','47'),(98476,8,'29,0','F','48'),(98477,8,'29,4','F','49'),(98478,8,'29,8','F','50'),(98479,8,'30,2','F','51'),(98480,8,'30,6','F','52'),(98481,8,'31,0','F','53'),(98482,8,'31,4','F','54'),(98483,8,'31,8','F','55'),(98484,8,'32,2','F','56'),(98485,8,'32,6','F','57'),(98486,8,'33,0','F','58'),(98487,8,'33,4','F','59'),(98488,8,'33,8','F','60'),(98489,8,'34,2','F','61'),(98490,8,'34,6','F','62'),(98491,8,'35,0','F','63'),(98492,8,'35,5','F','64'),(98493,8,'35,9','F','65'),(98494,8,'36,3','F','66'),(98495,8,'36,7','F','67'),(98496,8,'37,1','F','68'),(98497,8,'37,5','F','69'),(98498,8,'37,9','F','70'),(98499,8,'38,3','F','71'),(98500,8,'38,7','F','72'),(98501,8,'39,1','F','73'),(98502,8,'39,5','F','74'),(98503,8,'39,9','F','75'),(98504,8,'40,3','F','76'),(98505,8,'40,7','F','77'),(98506,8,'41,1','F','78'),(98507,8,'41,5','F','79'),(98508,8,'41,9','F','80'),(98509,8,'42,3','F','81'),(98510,8,'42,7','F','82'),(98511,8,'43,1','F','83'),(98512,8,'43,5','F','84'),(98513,8,'43,9','F','85'),(98514,8,'44,3','F','86'),(98515,8,'44,7','F','87'),(98516,8,'45,1','F','88'),(98517,8,'45,6','F','89'),(98518,8,'46,0','F','90'),(98519,8,'46,4','F','91'),(98520,8,'46,8','F','92'),(98521,8,'47,2','F','93'),(98522,8,'47,6','F','94'),(98523,8,'48,0','F','95'),(98524,8,'48,4','F','96'),(98525,8,'48,8','F','97'),(98526,8,'49,2','F','98'),(98527,8,'49,6','F','99'),(98528,8,'50,0','F','100'),(98529,8,'50,4','F','101'),(98530,8,'50,8','F','102'),(98531,8,'51,2','F','103'),(98532,8,'51,6','F','104'),(98533,8,'52,0','F','105'),(98534,8,'52,4','F','106'),(98535,8,'52,8','F','107'),(98536,8,'53,2','F','108'),(98537,8,'53,6','F','109'),(98538,8,'54,0','F','110'),(98539,8,'54,4','F','111'),(98540,8,'54,8','F','112'),(98541,8,'55,2','F','113'),(98542,8,'55,6','F','114'),(98543,8,'56,0','F','115'),(98544,8,'56,4','F','116'),(98545,8,'56,8','F','117'),(98546,8,'57,2','F','118'),(98547,8,'57,6','F','119'),(98548,8,'58,0','F','120'),(98549,8,'58,4','F','121'),(98550,8,'58,8','F','122'),(98551,8,'59,2','F','123'),(98552,8,'59,6','F','124'),(98553,8,'60,0','F','125'),(98554,8,'60,4','F','126'),(98555,8,'60,8','F','127'),(98556,8,'61,2','F','128'),(98557,8,'61,6','F','129'),(98558,8,'62,0','F','130'),(98559,8,'62,4','F','131'),(98560,8,'62,8','F','132'),(98561,8,'63,2','F','133'),(98562,8,'63,6','F','134'),(98563,8,'64,0','F','135'),(98564,8,'64,4','F','136'),(98565,8,'64,8','F','137'),(98566,8,'65,2','F','138'),(98567,8,'65,6','F','139'),(98568,8,'66,0','F','140'),(98569,8,'66,4','F','141'),(98570,8,'66,8','F','142'),(98571,8,'67,2','F','143'),(98572,8,'67,6','F','144'),(98573,8,'68,0','F','145'),(98574,8,'68,4','F','146'),(98575,8,'68,8','F','147'),(98576,8,'69,2','F','148'),(98577,8,'69,6','F','149'),(98578,8,'70,0','F','150'),(98579,8,'70,4','F','151'),(98580,8,'70,8','F','152'),(98581,8,'71,2','F','153'),(98582,8,'71,6','F','154'),(98583,8,'72,0','F','155'),(98584,8,'72,4','F','156'),(98585,8,'72,8','F','157'),(98586,8,'73,2','F','158'),(98587,8,'73,6','F','159'),(98588,8,'74,0','F','160'),(98589,8,'74,4','F','161'),(98590,8,'74,8','F','162'),(98591,8,'75,2','F','163'),(98592,8,'75,6','F','164'),(98593,8,'76,0','F','165'),(98594,8,'76,4','F','166'),(98595,8,'76,8','F','167'),(98596,8,'77,2','F','168'),(98597,8,'77,6','F','169'),(98598,8,'78,0','F','170'),(98599,8,'78,4','F','171'),(98600,8,'0','M','0'),(98601,8,'14,0','M','1'),(98602,8,'14,6','M','2'),(98603,8,'15,2','M','3'),(98604,8,'15,8','M','4'),(98605,8,'16,5','M','5'),(98606,8,'17,1','M','6'),(98607,8,'17,7','M','7'),(98608,8,'18,3','M','8'),(98609,8,'18,9','M','9'),(98610,8,'19,5','M','10'),(98611,8,'20,1','M','11'),(98612,8,'20,8','M','12'),(98613,8,'21,4','M','13'),(98614,8,'22,0','M','14'),(98615,8,'22,6','M','15'),(98616,8,'23,2','M','16'),(98617,8,'23,9','M','17'),(98618,8,'24,5','M','18'),(98619,8,'25,1','M','19'),(98620,8,'25,7','M','20'),(98621,8,'26,3','M','21'),(98622,8,'26,9','M','22'),(98623,8,'27,6','M','23'),(98624,8,'28,2','M','24'),(98625,8,'28,8','M','25'),(98626,8,'29,4','M','26'),(98627,8,'30,0','M','27'),(98628,8,'30,6','M','28'),(98629,8,'31,2','M','29'),(98630,8,'31,9','M','30'),(98631,8,'32,5','M','31'),(98632,8,'33,1','M','32'),(98633,8,'33,7','M','33'),(98634,8,'34,3','M','34'),(98635,8,'34,9','M','35'),(98636,8,'35,6','M','36'),(98637,8,'36,2','M','37'),(98638,8,'36,8','M','38'),(98639,8,'37,4','M','39'),(98640,8,'38,0','M','40'),(98641,8,'38,6','M','41'),(98642,8,'39,3','M','42'),(98643,8,'39,9','M','43'),(98644,8,'40,5','M','44'),(98645,8,'41,1','M','45'),(98646,8,'41,7','M','46'),(98647,8,'42,3','M','47'),(98648,8,'43,0','M','48'),(98649,8,'43,6','M','49'),(98650,8,'44,2','M','50'),(98651,8,'44,8','M','51'),(98652,8,'45,4','M','52'),(98653,8,'46,0','M','53'),(98654,8,'46,6','M','54'),(98655,8,'47,3','M','55'),(98656,8,'47,9','M','56'),(98657,8,'48,5','M','57'),(98658,8,'49,1','M','58'),(98659,8,'49,7','M','59'),(98660,8,'50,3','M','60'),(98661,8,'51,0','M','61'),(98662,8,'51,6','M','62'),(98663,8,'52,2','M','63'),(98664,8,'52,8','M','64'),(98665,8,'53,4','M','65'),(98666,8,'54,0','M','66'),(98667,8,'54,7','M','67'),(98668,8,'55,3','M','68'),(98669,8,'55,9','M','69'),(98670,8,'56,5','M','70'),(98671,8,'57,1','M','71'),(98672,8,'57,7','M','72'),(98673,8,'58,4','M','73'),(98674,8,'59,0','M','74'),(98675,8,'59,6','M','75'),(98676,8,'60,2','M','76'),(98677,8,'60,8','M','77'),(98678,8,'61,4','M','78'),(98679,8,'62,0','M','79'),(98680,8,'62,7','M','80'),(98681,8,'63,3','M','81'),(98682,8,'63,9','M','82'),(98683,8,'64,5','M','83'),(98684,8,'65,1','M','84'),(98685,8,'65,7','M','85'),(98686,8,'66,4','M','86'),(98687,8,'67,0','M','87'),(98688,8,'67,6','M','88'),(98689,8,'68,2','M','89'),(98690,8,'68,8','M','90'),(98691,8,'69,4','M','91'),(98692,8,'70,1','M','92'),(98693,8,'70,7','M','93'),(98694,8,'71,3','M','94'),(98695,8,'71,9','M','95'),(98696,8,'72,5','M','96'),(98697,8,'73,1','M','97'),(98698,8,'73,8','M','98'),(98699,8,'74,4','M','99'),(98700,8,'75,0','M','100'),(98701,8,'75,6','M','101'),(98702,8,'76,2','M','102'),(98703,8,'76,8','M','103'),(98704,8,'77,4','M','104'),(98705,8,'78,0','M','105'),(98706,8,'78,6','M','106'),(98707,8,'79,2','M','107'),(98708,8,'79,8','M','108'),(98709,8,'80,4','M','109'),(98710,8,'81,0','M','110'),(98711,8,'81,6','M','111'),(98712,8,'82,2','M','112'),(98713,8,'82,8','M','113'),(98714,8,'83,4','M','114'),(98715,8,'84,0','M','115'),(98716,8,'999,0','M','0'),(98717,9,'0','F','0'),(98718,9,'1,0','F','120'),(98719,9,'1,1','F','119'),(98720,9,'1,2','F','118'),(98721,9,'1,3','F','117'),(98722,9,'1,4','F','116'),(98723,9,'1,5','F','115'),(98724,9,'1,6','F','114'),(98725,9,'1,7','F','113'),(98726,9,'1,8','F','112'),(98727,9,'1,9','F','111'),(98728,9,'2,0','F','110'),(98729,9,'2,1','F','109'),(98730,9,'2,2','F','108'),(98731,9,'2,3','F','107'),(98732,9,'2,4','F','106'),(98733,9,'2,5','F','105'),(98734,9,'2,6','F','104'),(98735,9,'2,7','F','103'),(98736,9,'2,8','F','102'),(98737,9,'2,9','F','101'),(98738,9,'3,0','F','100'),(98739,9,'3,2','F','99'),(98740,9,'3,4','F','98'),(98741,9,'3,5','F','97'),(98742,9,'3,7','F','96'),(98743,9,'3,9','F','95'),(98744,9,'4,0','F','94'),(98745,9,'4,2','F','93'),(98746,9,'4,4','F','92'),(98747,9,'4,5','F','91'),(98748,9,'4,7','F','90'),(98749,9,'4,9','F','89'),(98750,9,'5,0','F','88'),(98751,9,'5,2','F','87'),(98752,9,'5,4','F','86'),(98753,9,'5,5','F','85'),(98754,9,'5,7','F','84'),(98755,9,'5,9','F','83'),(98756,9,'6,0','F','82'),(98757,9,'6,2','F','81'),(98758,9,'6,4','F','80'),(98759,9,'6,6','F','79'),(98760,9,'6,7','F','78'),(98761,9,'6,9','F','77'),(98762,9,'7,1','F','76'),(98763,9,'7,2','F','75'),(98764,9,'7,4','F','74'),(98765,9,'7,6','F','73'),(98766,9,'7,7','F','72'),(98767,9,'7,9','F','71'),(98768,9,'8,1','F','70'),(98769,9,'8,2','F','69'),(98770,9,'8,4','F','68'),(98771,9,'8,6','F','67'),(98772,9,'8,7','F','66'),(98773,9,'8,9','F','65'),(98774,9,'9,1','F','64'),(98775,9,'9,2','F','63'),(98776,9,'9,4','F','62'),(98777,9,'9,6','F','61'),(98778,9,'9,8','F','60'),(98779,9,'9,9','F','59'),(98780,9,'10,1','F','58'),(98781,9,'10,3','F','57'),(98782,9,'10,4','F','56'),(98783,9,'10,6','F','55'),(98784,9,'10,8','F','54'),(98785,9,'10,9','F','53'),(98786,9,'11,1','F','52'),(98787,9,'11,3','F','51'),(98788,9,'11,4','F','50'),(98789,9,'11,6','F','49'),(98790,9,'11,8','F','48'),(98791,9,'12,0','F','47'),(98792,9,'12,1','F','46'),(98793,9,'12,3','F','45'),(98794,9,'12,4','F','44'),(98795,9,'12,6','F','43'),(98796,9,'12,8','F','42'),(98797,9,'13,0','F','41'),(98798,9,'13,1','F','40'),(98799,9,'13,3','F','39'),(98800,9,'13,5','F','38'),(98801,9,'13,6','F','37'),(98802,9,'13,8','F','36'),(98803,9,'14,0','F','35'),(98804,9,'14,1','F','34'),(98805,9,'14,3','F','33'),(98806,9,'14,5','F','32'),(98807,9,'14,6','F','31'),(98808,9,'14,8','F','30'),(98809,9,'15,0','F','29'),(98810,9,'15,1','F','28'),(98811,9,'15,3','F','27'),(98812,9,'15,5','F','26'),(98813,9,'15,6','F','25'),(98814,9,'15,8','F','24'),(98815,9,'16,0','F','23'),(98816,9,'16,2','F','22'),(98817,9,'16,3','F','21'),(98818,9,'16,5','F','20'),(98819,9,'16,7','F','19'),(98820,9,'16,8','F','18'),(98821,9,'17,0','F','17'),(98822,9,'17,2','F','16'),(98823,9,'17,3','F','15'),(98824,9,'17,5','F','14'),(98825,9,'17,7','F','13'),(98826,9,'17,8','F','12'),(98827,9,'18,0','F','11'),(98828,9,'100,0','F','10'),(98829,9,'999,0','F','0'),(98830,9,'0','M','0'),(98831,9,'0,1','M','124'),(98832,9,'0,2','M','123'),(98833,9,'0,3','M','122'),(98834,9,'0,4','M','121'),(98835,9,'0,5','M','120'),(98836,9,'0,6','M','119'),(98837,9,'0,7','M','118'),(98838,9,'0,8','M','117'),(98839,9,'0,9','M','116'),(98840,9,'1,0','M','115'),(98841,9,'1,1','M','114'),(98842,9,'1,2','M','113'),(98843,9,'1,3','M','112'),(98844,9,'1,4','M','111'),(98845,9,'1,5','M','110'),(98846,9,'1,6','M','109'),(98847,9,'1,7','M','108'),(98848,9,'1,8','M','107'),(98849,9,'1,9','M','106'),(98850,9,'2,0','M','105'),(98851,9,'2,1','M','104'),(98852,9,'2,2','M','103'),(98853,9,'2,3','M','102'),(98854,9,'2,4','M','101'),(98855,9,'2,5','M','100'),(98856,9,'2,6','M','99'),(98857,9,'2,8','M','98'),(98858,9,'2,9','M','97'),(98859,9,'3,1','M','96'),(98860,9,'3,2','M','95'),(98861,9,'3,4','M','94'),(98862,9,'3,5','M','93'),(98863,9,'3,7','M','92'),(98864,9,'3,8','M','91'),(98865,9,'4,0','M','90'),(98866,9,'4,1','M','89'),(98867,9,'4,3','M','88'),(98868,9,'4,4','M','87'),(98869,9,'4,6','M','86'),(98870,9,'4,8','M','85'),(98871,9,'4,9','M','84'),(98872,9,'5,1','M','83'),(98873,9,'5,2','M','82'),(98874,9,'5,4','M','81'),(98875,9,'5,5','M','80'),(98876,9,'5,7','M','79'),(98877,9,'5,8','M','78'),(98878,9,'6,0','M','77'),(98879,9,'6,1','M','76'),(98880,9,'6,3','M','75'),(98881,9,'6,4','M','74'),(98882,9,'6,6','M','73'),(98883,9,'6,7','M','72'),(98884,9,'6,9','M','71'),(98885,9,'7,0','M','70'),(98886,9,'7,2','M','69'),(98887,9,'7,3','M','68'),(98888,9,'7,5','M','67'),(98889,9,'7,6','M','66'),(98890,9,'7,8','M','65'),(98891,9,'7,9','M','64'),(98892,9,'8,1','M','63'),(98893,9,'8,2','M','62'),(98894,9,'8,4','M','61'),(98895,9,'8,6','M','60'),(98896,9,'8,7','M','59'),(98897,9,'8,9','M','58'),(98898,9,'9,0','M','57'),(98899,9,'9,2','M','56'),(98900,9,'9,3','M','55'),(98901,9,'9,5','M','54'),(98902,9,'9,6','M','53'),(98903,9,'9,8','M','52'),(98904,9,'9,9','M','51'),(98905,9,'10,1','M','50'),(98906,9,'10,2','M','49'),(98907,9,'10,4','M','48'),(98908,9,'10,5','M','47'),(98909,9,'10,7','M','46'),(98910,9,'10,8','M','45'),(98911,9,'11,0','M','44'),(98912,9,'11,1','M','43'),(98913,9,'11,3','M','42'),(98914,9,'11,4','M','41'),(98915,9,'11,6','M','40'),(98916,9,'11,7','M','39'),(98917,9,'11,9','M','38'),(98918,9,'12,0','M','37'),(98919,9,'12,2','M','36'),(98920,9,'12,4','M','35'),(98921,9,'12,5','M','34'),(98922,9,'12,7','M','33'),(98923,9,'12,8','M','32'),(98924,9,'13,0','M','31'),(98925,9,'13,1','M','30'),(98926,9,'13,3','M','29'),(98927,9,'13,4','M','28'),(98928,9,'13,6','M','27'),(98929,9,'13,7','M','26'),(98930,9,'13,9','M','25'),(98931,9,'14,0','M','24'),(98932,9,'14,2','M','23'),(98933,9,'14,3','M','22'),(98934,9,'14,5','M','21'),(98935,9,'14,6','M','20'),(98936,9,'14,8','M','19'),(98937,9,'14,9','M','18'),(98938,9,'15,1','M','17'),(98939,9,'15,2','M','16'),(98940,9,'15,4','M','15'),(98941,9,'15,5','M','14'),(98942,9,'15,7','M','13'),(98943,9,'15,8','M','12'),(98944,9,'16,0','M','11'),(98945,9,'100,0','M','10'),(98946,9,'999,0','M','0'),(98947,10,'0,0','F','0'),(98948,10,'5,0','F','150'),(98949,10,'5,2','F','149'),(98950,10,'5,4','F','148'),(98951,10,'5,6','F','147'),(98952,10,'5,8','F','146'),(98953,10,'6,0','F','145'),(98954,10,'6,2','F','144'),(98955,10,'6,4','F','143'),(98956,10,'6,6','F','142'),(98957,10,'6,8','F','141'),(98958,10,'7,0','F','140'),(98959,10,'7,2','F','139'),(98960,10,'7,4','F','138'),(98961,10,'7,6','F','137'),(98962,10,'7,8','F','136'),(98963,10,'8,0','F','135'),(98964,10,'8,2','F','134'),(98965,10,'8,4','F','133'),(98966,10,'8,6','F','132'),(98967,10,'8,8','F','131'),(98968,10,'9,0','F','130'),(98969,10,'9,2','F','129'),(98970,10,'9,4','F','128'),(98971,10,'9,6','F','127'),(98972,10,'9,8','F','126'),(98973,10,'10,0','F','125'),(98974,10,'10,2','F','124'),(98975,10,'10,4','F','123'),(98976,10,'10,6','F','122'),(98977,10,'10,8','F','121'),(98978,10,'11,0','F','120'),(98979,10,'11,2','F','119'),(98980,10,'11,4','F','118'),(98981,10,'11,6','F','117'),(98982,10,'11,8','F','116'),(98983,10,'12,0','F','115'),(98984,10,'12,2','F','114'),(98985,10,'12,4','F','113'),(98986,10,'12,6','F','112'),(98987,10,'12,8','F','111'),(98988,10,'13,0','F','110'),(98989,10,'13,2','F','109'),(98990,10,'13,4','F','108'),(98991,10,'13,6','F','107'),(98992,10,'13,8','F','106'),(98993,10,'14,0','F','105'),(98994,10,'14,2','F','104'),(98995,10,'14,4','F','103'),(98996,10,'14,6','F','102'),(98997,10,'14,8','F','101'),(98998,10,'15,0','F','100'),(98999,10,'15,3','F','99'),(99000,10,'15,6','F','98'),(99001,10,'15,8','F','97'),(99002,10,'16,1','F','96'),(99003,10,'16,4','F','95'),(99004,10,'16,7','F','94'),(99005,10,'17,0','F','93'),(99006,10,'17,2','F','92'),(99007,10,'17,5','F','91'),(99008,10,'17,8','F','90'),(99009,10,'18,1','F','89'),(99010,10,'18,4','F','88'),(99011,10,'18,6','F','87'),(99012,10,'18,9','F','86'),(99013,10,'19,2','F','85'),(99014,10,'19,5','F','84'),(99015,10,'19,8','F','83'),(99016,10,'20,0','F','82'),(99017,10,'20,3','F','81'),(99018,10,'20,6','F','80'),(99019,10,'20,9','F','79'),(99020,10,'21,2','F','78'),(99021,10,'21,5','F','77'),(99022,10,'21,7','F','76'),(99023,10,'22,0','F','75'),(99024,10,'22,3','F','74'),(99025,10,'22,6','F','73'),(99026,10,'22,9','F','72'),(99027,10,'23,1','F','71'),(99028,10,'23,4','F','70'),(99029,10,'23,7','F','69'),(99030,10,'24,0','F','68'),(99031,10,'24,3','F','67'),(99032,10,'24,5','F','66'),(99033,10,'24,8','F','65'),(99034,10,'25,1','F','64'),(99035,10,'25,4','F','63'),(99036,10,'25,7','F','62'),(99037,10,'26,0','F','61'),(99038,10,'26,2','F','60'),(99039,10,'26,5','F','59'),(99040,10,'26,8','F','58'),(99041,10,'27,1','F','57'),(99042,10,'27,4','F','56'),(99043,10,'27,6','F','55'),(99044,10,'27,9','F','54'),(99045,10,'28,2','F','53'),(99046,10,'28,5','F','52'),(99047,10,'28,8','F','51'),(99048,10,'29,0','F','50'),(99049,10,'29,3','F','49'),(99050,10,'29,6','F','48'),(99051,10,'29,9','F','47'),(99052,10,'30,2','F','46'),(99053,10,'30,4','F','45'),(99054,10,'30,7','F','44'),(99055,10,'31,0','F','43'),(99056,10,'31,3','F','42'),(99057,10,'31,6','F','41'),(99058,10,'31,9','F','40'),(99059,10,'32,1','F','39'),(99060,10,'32,4','F','38'),(99061,10,'32,7','F','37'),(99062,10,'33,0','F','36'),(99063,10,'33,3','F','35'),(99064,10,'33,5','F','34'),(99065,10,'33,8','F','33'),(99066,10,'34,1','F','32'),(99067,10,'34,4','F','31'),(99068,10,'34,7','F','30'),(99069,10,'34,9','F','29'),(99070,10,'35,2','F','28'),(99071,10,'35,5','F','27'),(99072,10,'35,8','F','26'),(99073,10,'36,1','F','25'),(99074,10,'36,3','F','24'),(99075,10,'36,6','F','23'),(99076,10,'36,9','F','22'),(99077,10,'37,2','F','21'),(99078,10,'37,5','F','20'),(99079,10,'37,8','F','19'),(99080,10,'38,0','F','18'),(99081,10,'38,3','F','17'),(99082,10,'38,6','F','16'),(99083,10,'38,9','F','15'),(99084,10,'39,2','F','14'),(99085,10,'39,4','F','13'),(99086,10,'39,7','F','12'),(99087,10,'40,0','F','11'),(99088,10,'100,0','F','10'),(99089,10,'0,0','F','0'),(99090,10,'0,0','F','0'),(99091,10,'0,0','M','0'),(99092,10,'9,2','M','124'),(99093,10,'9,4','M','123'),(99094,10,'9,6','M','122'),(99095,10,'9,8','M','121'),(99096,10,'10,0','M','120'),(99097,10,'10,2','M','119'),(99098,10,'10,4','M','118'),(99099,10,'10,6','M','117'),(99100,10,'10,8','M','116'),(99101,10,'11,0','M','115'),(99102,10,'11,2','M','114'),(99103,10,'11,4','M','113'),(99104,10,'11,6','M','112'),(99105,10,'11,8','M','111'),(99106,10,'12,0','M','110'),(99107,10,'12,2','M','109'),(99108,10,'12,4','M','108'),(99109,10,'12,6','M','107'),(99110,10,'12,8','M','106'),(99111,10,'13,0','M','105'),(99112,10,'13,2','M','104'),(99113,10,'13,4','M','103'),(99114,10,'13,6','M','102'),(99115,10,'13,8','M','101'),(99116,10,'14,0','M','100'),(99117,10,'14,0','M','99'),(99118,10,'14,3','M','98'),(99119,10,'14,6','M','97'),(99120,10,'14,9','M','96'),(99121,10,'15,2','M','95'),(99122,10,'15,5','M','94'),(99123,10,'15,8','M','93'),(99124,10,'16,1','M','92'),(99125,10,'16,3','M','91'),(99126,10,'16,6','M','90'),(99127,10,'16,9','M','89'),(99128,10,'17,2','M','88'),(99129,10,'17,5','M','87'),(99130,10,'17,8','M','86'),(99131,10,'18,1','M','85'),(99132,10,'18,4','M','84'),(99133,10,'18,7','M','83'),(99134,10,'19,0','M','82'),(99135,10,'19,3','M','81'),(99136,10,'19,6','M','80'),(99137,10,'19,9','M','79'),(99138,10,'20,1','M','78'),(99139,10,'20,4','M','77'),(99140,10,'20,7','M','76'),(99141,10,'21,0','M','75'),(99142,10,'21,3','M','74'),(99143,10,'21,6','M','73'),(99144,10,'21,9','M','72'),(99145,10,'22,2','M','71'),(99146,10,'22,5','M','70'),(99147,10,'22,8','M','69'),(99148,10,'23,1','M','68'),(99149,10,'23,4','M','67'),(99150,10,'23,6','M','66'),(99151,10,'23,9','M','65'),(99152,10,'24,2','M','64'),(99153,10,'24,5','M','63'),(99154,10,'24,8','M','62'),(99155,10,'25,1','M','61'),(99156,10,'25,4','M','60'),(99157,10,'25,7','M','59'),(99158,10,'26,0','M','58'),(99159,10,'26,3','M','57'),(99160,10,'26,6','M','56'),(99161,10,'26,9','M','55'),(99162,10,'27,2','M','54'),(99163,10,'27,4','M','53'),(99164,10,'27,7','M','52'),(99165,10,'28,0','M','51'),(99166,10,'28,3','M','50'),(99167,10,'28,6','M','49'),(99168,10,'28,9','M','48'),(99169,10,'29,2','M','47'),(99170,10,'29,5','M','46'),(99171,10,'29,8','M','45'),(99172,10,'30,1','M','44'),(99173,10,'30,4','M','43'),(99174,10,'30,7','M','42'),(99175,10,'30,9','M','41'),(99176,10,'31,2','M','40'),(99177,10,'31,5','M','39'),(99178,10,'31,8','M','38'),(99179,10,'32,1','M','37'),(99180,10,'32,4','M','36'),(99181,10,'32,7','M','35'),(99182,10,'33,0','M','34'),(99183,10,'33,3','M','33'),(99184,10,'33,6','M','32'),(99185,10,'33,9','M','31'),(99186,10,'34,2','M','30'),(99187,10,'34,5','M','29'),(99188,10,'34,7','M','28'),(99189,10,'35,0','M','27'),(99190,10,'35,3','M','26'),(99191,10,'35,6','M','25'),(99192,10,'35,9','M','24'),(99193,10,'36,2','M','23'),(99194,10,'36,5','M','22'),(99195,10,'36,8','M','21'),(99196,10,'37,1','M','20'),(99197,10,'37,4','M','19'),(99198,10,'37,7','M','18'),(99199,10,'38,0','M','17'),(99200,10,'38,2','M','16'),(99201,10,'38,5','M','15'),(99202,10,'38,8','M','14'),(99203,10,'39,1','M','13'),(99204,10,'39,4','M','12'),(99205,10,'39,7','M','11'),(99206,10,'40,0','M','10'),(99207,10,'100,0','M','0'),(99208,11,'0,0','F','0'),(99209,11,'8,0','F','150'),(99210,11,'8,5','F','149'),(99211,11,'9,0','F','148'),(99212,11,'9,5','F','147'),(99213,11,'10,0','F','146'),(99214,11,'10,5','F','145'),(99215,11,'11,0','F','144'),(99216,11,'11,5','F','143'),(99217,11,'12,0','F','142'),(99218,11,'12,5','F','141'),(99219,11,'13,0','F','140'),(99220,11,'13,5','F','139'),(99221,11,'14,0','F','138'),(99222,11,'14,5','F','137'),(99223,11,'15,0','F','136'),(99224,11,'15,5','F','135'),(99225,11,'16,0','F','134'),(99226,11,'16,5','F','133'),(99227,11,'17,0','F','132'),(99228,11,'17,5','F','131'),(99229,11,'18,0','F','130'),(99230,11,'18,5','F','129'),(99231,11,'19,0','F','128'),(99232,11,'19,5','F','127'),(99233,11,'20,0','F','126'),(99234,11,'20,5','F','125'),(99235,11,'21,0','F','124'),(99236,11,'21,5','F','123'),(99237,11,'22,0','F','122'),(99238,11,'22,5','F','121'),(99239,11,'23,0','F','120'),(99240,11,'23,5','F','119'),(99241,11,'24,0','F','118'),(99242,11,'24,5','F','117'),(99243,11,'25,0','F','116'),(99244,11,'25,5','F','115'),(99245,11,'26,0','F','114'),(99246,11,'26,5','F','113'),(99247,11,'27,0','F','112'),(99248,11,'27,5','F','111'),(99249,11,'28,0','F','110'),(99250,11,'28,5','F','109'),(99251,11,'29,0','F','108'),(99252,11,'29,5','F','107'),(99253,11,'30,0','F','106'),(99254,11,'30,5','F','105'),(99255,11,'31,0','F','104'),(99256,11,'31,5','F','103'),(99257,11,'32,0','F','102'),(99258,11,'32,5','F','101'),(99259,11,'33,0','F','100'),(99260,11,'33,5','F','99'),(99261,11,'34,1','F','98'),(99262,11,'34,6','F','97'),(99263,11,'35,1','F','96'),(99264,11,'35,6','F','95'),(99265,11,'36,2','F','94'),(99266,11,'36,7','F','93'),(99267,11,'37,2','F','92'),(99268,11,'37,8','F','91'),(99269,11,'38,3','F','90'),(99270,11,'38,8','F','89'),(99271,11,'39,3','F','88'),(99272,11,'39,9','F','87'),(99273,11,'40,4','F','86'),(99274,11,'40,9','F','85'),(99275,11,'41,5','F','84'),(99276,11,'42,0','F','83'),(99277,11,'42,5','F','82'),(99278,11,'43,0','F','81'),(99279,11,'43,6','F','80'),(99280,11,'44,1','F','79'),(99281,11,'44,6','F','78'),(99282,11,'45,2','F','77'),(99283,11,'45,7','F','76'),(99284,11,'46,2','F','75'),(99285,11,'46,7','F','74'),(99286,11,'47,3','F','73'),(99287,11,'47,8','F','72'),(99288,11,'48,3','F','71'),(99289,11,'48,8','F','70'),(99290,11,'49,4','F','69'),(99291,11,'49,9','F','68'),(99292,11,'50,4','F','67'),(99293,11,'51,0','F','66'),(99294,11,'51,5','F','65'),(99295,11,'52,0','F','64'),(99296,11,'52,5','F','63'),(99297,11,'53,1','F','62'),(99298,11,'53,6','F','61'),(99299,11,'54,1','F','60'),(99300,11,'54,7','F','59'),(99301,11,'55,2','F','58'),(99302,11,'55,7','F','57'),(99303,11,'56,2','F','56'),(99304,11,'56,8','F','55'),(99305,11,'57,3','F','54'),(99306,11,'57,8','F','53'),(99307,11,'58,4','F','52'),(99308,11,'58,9','F','51'),(99309,11,'59,4','F','50'),(99310,11,'59,9','F','49'),(99311,11,'60,5','F','48'),(99312,11,'61,0','F','47'),(99313,11,'61,5','F','46'),(99314,11,'62,0','F','45'),(99315,11,'62,6','F','44'),(99316,11,'63,1','F','43'),(99317,11,'63,6','F','42'),(99318,11,'64,2','F','41'),(99319,11,'64,7','F','40'),(99320,11,'65,2','F','39'),(99321,11,'65,7','F','38'),(99322,11,'66,3','F','37'),(99323,11,'66,8','F','36'),(99324,11,'67,3','F','35'),(99325,11,'67,9','F','34'),(99326,11,'68,4','F','33'),(99327,11,'68,9','F','32'),(99328,11,'69,4','F','31'),(99329,11,'70,0','F','30'),(99330,11,'70,5','F','29'),(99331,11,'71,0','F','28'),(99332,11,'71,6','F','27'),(99333,11,'72,1','F','26'),(99334,11,'72,6','F','25'),(99335,11,'73,1','F','24'),(99336,11,'73,7','F','23'),(99337,11,'74,2','F','22'),(99338,11,'74,7','F','21'),(99339,11,'75,2','F','20'),(99340,11,'75,8','F','19'),(99341,11,'76,3','F','18'),(99342,11,'76,8','F','17'),(99343,11,'77,4','F','16'),(99344,11,'77,9','F','15'),(99345,11,'78,4','F','14'),(99346,11,'78,9','F','13'),(99347,11,'79,5','F','12'),(99348,11,'80,0','F','11'),(99349,11,'100,0','F','10'),(99350,11,'0,0','F','0'),(99351,11,'0,0','F','0'),(99352,11,'0,0','M','0'),(99353,11,'19,0','M','124'),(99354,11,'19,5','M','123'),(99355,11,'20,0','M','122'),(99356,11,'20,5','M','121'),(99357,11,'21,0','M','120'),(99358,11,'21,5','M','119'),(99359,11,'22,0','M','118'),(99360,11,'22,5','M','117'),(99361,11,'23,0','M','116'),(99362,11,'23,5','M','115'),(99363,11,'24,0','M','114'),(99364,11,'24,5','M','113'),(99365,11,'25,0','M','112'),(99366,11,'25,5','M','111'),(99367,11,'26,0','M','110'),(99368,11,'26,5','M','109'),(99369,11,'27,0','M','108'),(99370,11,'27,5','M','107'),(99371,11,'28,0','M','106'),(99372,11,'28,5','M','105'),(99373,11,'29,0','M','104'),(99374,11,'29,5','M','103'),(99375,11,'30,0','M','102'),(99376,11,'30,5','M','101'),(99377,11,'31,0','M','100'),(99378,11,'31,0','M','99'),(99379,11,'31,5','M','98'),(99380,11,'32,1','M','97'),(99381,11,'32,6','M','96'),(99382,11,'33,2','M','95'),(99383,11,'33,7','M','94'),(99384,11,'34,3','M','93'),(99385,11,'34,8','M','92'),(99386,11,'35,4','M','91'),(99387,11,'35,9','M','90'),(99388,11,'36,5','M','89'),(99389,11,'37,0','M','88'),(99390,11,'37,6','M','87'),(99391,11,'38,1','M','86'),(99392,11,'38,7','M','85'),(99393,11,'39,2','M','84'),(99394,11,'39,8','M','83'),(99395,11,'40,3','M','82'),(99396,11,'40,9','M','81'),(99397,11,'41,4','M','80'),(99398,11,'42,0','M','79'),(99399,11,'42,5','M','78'),(99400,11,'43,1','M','77'),(99401,11,'43,6','M','76'),(99402,11,'44,2','M','75'),(99403,11,'44,7','M','74'),(99404,11,'45,3','M','73'),(99405,11,'45,8','M','72'),(99406,11,'46,4','M','71'),(99407,11,'46,9','M','70'),(99408,11,'47,5','M','69'),(99409,11,'48,0','M','68'),(99410,11,'48,6','M','67'),(99411,11,'49,1','M','66'),(99412,11,'49,7','M','65'),(99413,11,'50,2','M','64'),(99414,11,'50,8','M','63'),(99415,11,'51,3','M','62'),(99416,11,'51,9','M','61'),(99417,11,'52,5','M','60'),(99418,11,'53,0','M','59'),(99419,11,'53,6','M','58'),(99420,11,'54,1','M','57'),(99421,11,'54,7','M','56'),(99422,11,'55,2','M','55'),(99423,11,'55,8','M','54'),(99424,11,'56,3','M','53'),(99425,11,'56,9','M','52'),(99426,11,'57,4','M','51'),(99427,11,'58,0','M','50'),(99428,11,'58,5','M','49'),(99429,11,'59,1','M','48'),(99430,11,'59,6','M','47'),(99431,11,'60,2','M','46'),(99432,11,'60,7','M','45'),(99433,11,'61,3','M','44'),(99434,11,'61,8','M','43'),(99435,11,'62,4','M','42'),(99436,11,'62,9','M','41'),(99437,11,'63,5','M','40'),(99438,11,'64,0','M','39'),(99439,11,'64,6','M','38'),(99440,11,'65,1','M','37'),(99441,11,'65,7','M','36'),(99442,11,'66,2','M','35'),(99443,11,'66,8','M','34'),(99444,11,'67,3','M','33'),(99445,11,'67,9','M','32'),(99446,11,'68,4','M','31'),(99447,11,'69,0','M','30'),(99448,11,'69,5','M','29'),(99449,11,'70,1','M','28'),(99450,11,'70,6','M','27'),(99451,11,'71,2','M','26'),(99452,11,'71,7','M','25'),(99453,11,'72,3','M','24'),(99454,11,'72,8','M','23'),(99455,11,'73,4','M','22'),(99456,11,'73,9','M','21'),(99457,11,'74,5','M','20'),(99458,11,'75,0','M','19'),(99459,11,'75,6','M','18'),(99460,11,'76,1','M','17'),(99461,11,'76,7','M','16'),(99462,11,'77,2','M','15'),(99463,11,'77,8','M','14'),(99464,11,'78,3','M','13'),(99465,11,'78,9','M','12'),(99466,11,'79,4','M','11'),(99467,11,'80,0','M','10'),(99468,11,'100,0','M','0'),(99469,12,'0,0','F','0'),(99470,12,'30,0','F','150'),(99471,12,'31,0','F','149'),(99472,12,'32,0','F','148'),(99473,12,'33,0','F','147'),(99474,12,'34,0','F','146'),(99475,12,'35,0','F','145'),(99476,12,'36,0','F','144'),(99477,12,'37,0','F','143'),(99478,12,'38,0','F','142'),(99479,12,'39,0','F','141'),(99480,12,'40,0','F','140'),(99481,12,'41,0','F','139'),(99482,12,'42,0','F','138'),(99483,12,'43,0','F','137'),(99484,12,'44,0','F','136'),(99485,12,'45,0','F','135'),(99486,12,'46,0','F','134'),(99487,12,'47,0','F','133'),(99488,12,'48,0','F','132'),(99489,12,'49,0','F','131'),(99490,12,'50,0','F','130'),(99491,12,'51,0','F','129'),(99492,12,'52,0','F','128'),(99493,12,'53,0','F','127'),(99494,12,'54,0','F','126'),(99495,12,'55,0','F','125'),(99496,12,'56,0','F','124'),(99497,12,'57,0','F','123'),(99498,12,'58,0','F','122'),(99499,12,'59,0','F','121'),(99500,12,'60,0','F','120'),(99501,12,'61,0','F','119'),(99502,12,'62,0','F','118'),(99503,12,'63,0','F','117'),(99504,12,'64,0','F','116'),(99505,12,'65,0','F','115'),(99506,12,'66,0','F','114'),(99507,12,'67,0','F','113'),(99508,12,'68,0','F','112'),(99509,12,'69,0','F','111'),(99510,12,'70,0','F','110'),(99511,12,'71,0','F','109'),(99512,12,'72,0','F','108'),(99513,12,'73,0','F','107'),(99514,12,'74,0','F','106'),(99515,12,'75,0','F','105'),(99516,12,'76,0','F','104'),(99517,12,'77,0','F','103'),(99518,12,'78,0','F','102'),(99519,12,'79,0','F','101'),(99520,12,'80,0','F','100'),(99521,12,'81,1','F','99'),(99522,12,'82,3','F','98'),(99523,12,'83,4','F','97'),(99524,12,'84,5','F','96'),(99525,12,'85,6','F','95'),(99526,12,'86,7','F','94'),(99527,12,'87,9','F','93'),(99528,12,'89,0','F','92'),(99529,12,'90,1','F','91'),(99530,12,'91,2','F','90'),(99531,12,'92,4','F','89'),(99532,12,'93,5','F','88'),(99533,12,'94,6','F','87'),(99534,12,'95,7','F','86'),(99535,12,'96,9','F','85'),(99536,12,'98,0','F','84'),(99537,12,'99,1','F','83'),(99538,12,'100,2','F','82'),(99539,12,'101,4','F','81'),(99540,12,'102,5','F','80'),(99541,12,'103,6','F','79'),(99542,12,'104,7','F','78'),(99543,12,'105,8','F','77'),(99544,12,'107,0','F','76'),(99545,12,'108,1','F','75'),(99546,12,'109,2','F','74'),(99547,12,'110,3','F','73'),(99548,12,'111,5','F','72'),(99549,12,'112,6','F','71'),(99550,12,'113,7','F','70'),(99551,12,'114,8','F','69'),(99552,12,'116,0','F','68'),(99553,12,'117,1','F','67'),(99554,12,'118,2','F','66'),(99555,12,'119,3','F','65'),(99556,12,'120,5','F','64'),(99557,12,'121,6','F','63'),(99558,12,'122,7','F','62'),(99559,12,'123,8','F','61'),(99560,12,'124,9','F','60'),(99561,12,'126,1','F','59'),(99562,12,'127,2','F','58'),(99563,12,'128,3','F','57'),(99564,12,'129,4','F','56'),(99565,12,'130,6','F','55'),(99566,12,'131,7','F','54'),(99567,12,'132,8','F','53'),(99568,12,'133,9','F','52'),(99569,12,'135,1','F','51'),(99570,12,'136,2','F','50'),(99571,12,'137,3','F','49'),(99572,12,'138,4','F','48'),(99573,12,'139,5','F','47'),(99574,12,'140,7','F','46'),(99575,12,'141,8','F','45'),(99576,12,'142,9','F','44'),(99577,12,'144,0','F','43'),(99578,12,'145,2','F','42'),(99579,12,'146,3','F','41'),(99580,12,'147,4','F','40'),(99581,12,'148,5','F','39'),(99582,12,'149,7','F','38'),(99583,12,'150,8','F','37'),(99584,12,'151,9','F','36'),(99585,12,'153,0','F','35'),(99586,12,'154,2','F','34'),(99587,12,'155,3','F','33'),(99588,12,'156,4','F','32'),(99589,12,'157,5','F','31'),(99590,12,'158,6','F','30'),(99591,12,'159,8','F','29'),(99592,12,'160,9','F','28'),(99593,12,'162,0','F','27'),(99594,12,'163,1','F','26'),(99595,12,'164,3','F','25'),(99596,12,'165,4','F','24'),(99597,12,'166,5','F','23'),(99598,12,'167,8','F','22'),(99599,12,'168,8','F','21'),(99600,12,'169,9','F','20'),(99601,12,'171,0','F','19'),(99602,12,'172,1','F','18'),(99603,12,'173,3','F','17'),(99604,12,'174,4','F','16'),(99605,12,'175,5','F','15'),(99606,12,'176,6','F','14'),(99607,12,'177,8','F','13'),(99608,12,'178,9','F','12'),(99609,12,'180,0','F','11'),(99610,12,'600,0','F','10'),(99611,12,'3540,0','F','0'),(99612,12,'3540,0','F','0'),(99613,12,'0,0','M','0'),(99614,12,'46,0','M','124'),(99615,12,'47,0','M','123'),(99616,12,'48,0','M','122'),(99617,12,'49,0','M','121'),(99618,12,'50,0','M','120'),(99619,12,'51,0','M','119'),(99620,12,'52,0','M','118'),(99621,12,'53,0','M','117'),(99622,12,'54,0','M','116'),(99623,12,'55,0','M','115'),(99624,12,'56,0','M','114'),(99625,12,'57,0','M','113'),(99626,12,'58,0','M','112'),(99627,12,'59,0','M','111'),(99628,12,'60,0','M','110'),(99629,12,'61,0','M','109'),(99630,12,'62,0','M','108'),(99631,12,'63,0','M','107'),(99632,12,'64,0','M','106'),(99633,12,'65,0','M','105'),(99634,12,'66,0','M','104'),(99635,12,'67,0','M','103'),(99636,12,'68,0','M','102'),(99637,12,'69,0','M','101'),(99638,12,'70,0','M','100'),(99639,12,'71,2','M','99'),(99640,12,'72,5','M','98'),(99641,12,'73,7','M','97'),(99642,12,'74,9','M','96'),(99643,12,'76,2','M','95'),(99644,12,'77,4','M','94'),(99645,12,'78,6','M','93'),(99646,12,'79,9','M','92'),(99647,12,'81,1','M','91'),(99648,12,'82,4','M','90'),(99649,12,'83,6','M','89'),(99650,12,'84,8','M','88'),(99651,12,'86,1','M','87'),(99652,12,'87,3','M','86'),(99653,12,'88,5','M','85'),(99654,12,'89,8','M','84'),(99655,12,'91,0','M','83'),(99656,12,'92,2','M','82'),(99657,12,'93,5','M','81'),(99658,12,'94,7','M','80'),(99659,12,'96,0','M','79'),(99660,12,'97,2','M','78'),(99661,12,'98,4','M','77'),(99662,12,'99,7','M','76'),(99663,12,'100,9','M','75'),(99664,12,'102,1','M','74'),(99665,12,'103,4','M','73'),(99666,12,'104,6','M','72'),(99667,12,'105,8','M','71'),(99668,12,'107,1','M','70'),(99669,12,'108,3','M','69'),(99670,12,'109,5','M','68'),(99671,12,'110,8','M','67'),(99672,12,'112,0','M','66'),(99673,12,'113,3','M','65'),(99674,12,'114,5','M','64'),(99675,12,'115,7','M','63'),(99676,12,'117,0','M','62'),(99677,12,'118,2','M','61'),(99678,12,'119,4','M','60'),(99679,12,'120,7','M','59'),(99680,12,'121,9','M','58'),(99681,12,'123,1','M','57'),(99682,12,'124,4','M','56'),(99683,12,'125,6','M','55'),(99684,12,'126,9','M','54'),(99685,12,'128,1','M','53'),(99686,12,'129,3','M','52'),(99687,12,'130,6','M','51'),(99688,12,'131,8','M','50'),(99689,12,'133,0','M','49'),(99690,12,'134,3','M','48'),(99691,12,'135,5','M','47'),(99692,12,'136,7','M','46'),(99693,12,'138,0','M','45'),(99694,12,'139,2','M','44'),(99695,12,'140,4','M','43'),(99696,12,'141,7','M','42'),(99697,12,'142,9','M','41'),(99698,12,'144,2','M','40'),(99699,12,'145,4','M','39'),(99700,12,'146,6','M','38'),(99701,12,'147,9','M','37'),(99702,12,'149,1','M','36'),(99703,12,'150,3','M','35'),(99704,12,'151,6','M','34'),(99705,12,'152,8','M','33'),(99706,12,'154,0','M','32'),(99707,12,'155,3','M','31'),(99708,12,'156,5','M','30'),(99709,12,'157,8','M','29'),(99710,12,'159,0','M','28'),(99711,12,'160,2','M','27'),(99712,12,'161,5','M','26'),(99713,12,'162,7','M','25'),(99714,12,'163,9','M','24'),(99715,12,'165,2','M','23'),(99716,12,'166,4','M','22'),(99717,12,'167,6','M','21'),(99718,12,'168,9','M','20'),(99719,12,'170,1','M','19'),(99720,12,'171,3','M','18'),(99721,12,'172,6','M','17'),(99722,12,'173,8','M','16'),(99723,12,'175,1','M','15'),(99724,12,'176,3','M','14'),(99725,12,'178,5','M','13'),(99726,12,'178,8','M','12'),(99727,12,'180,0','M','11'),(99728,12,'600,0','M','10'),(99729,12,'3450,0','M','0');
/*!40000 ALTER TABLE `points` ENABLE KEYS */;
UNLOCK TABLES;
/*!40103 SET TIME_ZONE=@OLD_TIME_ZONE */;

/*!40101 SET SQL_MODE=@OLD_SQL_MODE */;
/*!40014 SET FOREIGN_KEY_CHECKS=@OLD_FOREIGN_KEY_CHECKS */;
/*!40014 SET UNIQUE_CHECKS=@OLD_UNIQUE_CHECKS */;
/*!40101 SET CHARACTER_SET_CLIENT=@OLD_CHARACTER_SET_CLIENT */;
/*!40101 SET CHARACTER_SET_RESULTS=@OLD_CHARACTER_SET_RESULTS */;
/*!40101 SET COLLATION_CONNECTION=@OLD_COLLATION_CONNECTION */;
/*!40111 SET SQL_NOTES=@OLD_SQL_NOTES */;

-- Dump completed on 2014-09-04 20:41:51
